date_mesure,niveau_nappe_eau,profondeur_nappe,mode_obtention,code_producteur
1988-06-16,135.69,5.81,Valeur mesurée,40494388800036
1988-10-21,135.72,5.78,Valeur mesurée,40494388800036
1988-11-04,135.7,5.8,Valeur mesurée,40494388800036
1988-11-18,135.65,5.85,Valeur mesurée,40494388800036
1988-12-19,135.85,5.65,Valeur mesurée,40494388800036
1989-01-06,135.78,5.72,Valeur mesurée,40494388800036
1989-01-20,135.71,5.79,Valeur mesurée,40494388800036
1989-02-07,135.68,5.82,Valeur mesurée,40494388800036
1989-02-14,135.67,5.83,Valeur mesurée,40494388800036
1989-03-02,135.75,5.75,Valeur mesurée,40494388800036
1989-03-16,135.74,5.76,Valeur mesurée,40494388800036
1989-04-10,135.8,5.7,Valeur mesurée,40494388800036
1989-04-24,135.85,5.65,Valeur mesurée,40494388800036
1989-05-05,135.79,5.71,Valeur mesurée,40494388800036
1989-05-19,135.74,5.76,Valeur mesurée,40494388800036
1989-06-02,135.64,5.86,Valeur mesurée,40494388800036
1989-06-16,135.6,5.9,Valeur mesurée,40494388800036
1989-06-30,135.6,5.9,Valeur mesurée,40494388800036
1989-07-14,135.64,5.86,Valeur mesurée,40494388800036
1989-08-16,135.59,5.91,Valeur mesurée,40494388800036
1989-09-15,135.58,5.92,Valeur mesurée,40494388800036
1989-09-29,135.57,5.93,Valeur mesurée,40494388800036
1989-10-11,135.6,5.9,Valeur mesurée,40494388800036
1989-11-01,135.6,5.9,Valeur mesurée,40494388800036
1990-01-17,135.56,5.94,Valeur mesurée,40494388800036
1990-02-28,135.85,5.65,Valeur mesurée,40494388800036
1990-03-05,135.72,5.78,Valeur mesurée,40494388800036
1990-03-12,135.77,5.73,Valeur mesurée,40494388800036
1990-03-19,135.66,5.84,Valeur mesurée,40494388800036
1990-03-26,135.71,5.79,Valeur mesurée,40494388800036
1990-04-02,135.69,5.81,Valeur mesurée,40494388800036
1990-04-09,135.65,5.85,Valeur mesurée,40494388800036
1990-04-16,135.68,5.82,Valeur mesurée,40494388800036
1990-04-23,135.67,5.83,Valeur mesurée,40494388800036
1990-04-30,135.65,5.85,Valeur mesurée,40494388800036
1990-05-07,135.65,5.85,Valeur mesurée,40494388800036
1990-05-14,135.65,5.85,Valeur mesurée,40494388800036
1990-05-21,135.63,5.87,Valeur mesurée,40494388800036
1990-05-28,135.61,5.89,Valeur mesurée,40494388800036
1990-06-04,135.6,5.9,Valeur mesurée,40494388800036
1990-06-11,135.61,5.89,Valeur mesurée,40494388800036
1990-06-18,135.66,5.84,Valeur mesurée,40494388800036
1990-06-25,135.65,5.85,Valeur mesurée,40494388800036
1990-07-02,135.65,5.85,Valeur mesurée,40494388800036
1990-07-09,135.68,5.82,Valeur mesurée,40494388800036
1990-07-16,135.64,5.86,Valeur mesurée,40494388800036
1990-07-23,135.6,5.9,Valeur mesurée,40494388800036
1990-07-30,135.55,5.95,Valeur mesurée,40494388800036
1990-08-06,135.53,5.97,Valeur mesurée,40494388800036
1990-08-13,135.48,6.02,Valeur mesurée,40494388800036
1990-08-20,135.5,6.0,Valeur mesurée,40494388800036
1990-08-27,135.49,6.01,Valeur mesurée,40494388800036
1990-09-03,135.49,6.01,Valeur mesurée,40494388800036
1990-09-10,135.49,6.01,Valeur mesurée,40494388800036
1990-09-17,135.51,5.99,Valeur mesurée,40494388800036
1990-09-24,135.54,5.96,Valeur mesurée,40494388800036
1990-10-01,135.54,5.96,Valeur mesurée,40494388800036
1990-10-08,135.56,5.94,Valeur mesurée,40494388800036
1990-10-15,135.55,5.95,Valeur mesurée,40494388800036
1990-10-22,135.53,5.97,Valeur mesurée,40494388800036
1990-10-29,135.52,5.98,Valeur mesurée,40494388800036
1990-11-05,135.62,5.88,Valeur mesurée,40494388800036
1990-11-12,135.61,5.89,Valeur mesurée,40494388800036
1990-11-19,135.63,5.87,Valeur mesurée,40494388800036
1990-11-26,135.72,5.78,Valeur mesurée,40494388800036
1990-12-03,135.66,5.84,Valeur mesurée,40494388800036
1990-12-10,135.63,5.87,Valeur mesurée,40494388800036
1990-12-17,135.6,5.9,Valeur mesurée,40494388800036
1990-12-24,135.63,5.87,Valeur mesurée,40494388800036
1990-12-31,135.77,5.73,Valeur mesurée,40494388800036
1991-01-07,135.8,5.7,Valeur mesurée,40494388800036
1991-01-14,135.75,5.75,Valeur mesurée,40494388800036
1991-01-21,135.73,5.77,Valeur mesurée,40494388800036
1991-01-28,135.67,5.83,Valeur mesurée,40494388800036
1991-02-04,135.64,5.86,Valeur mesurée,40494388800036
1991-02-11,135.64,5.86,Valeur mesurée,40494388800036
1991-02-18,135.63,5.87,Valeur mesurée,40494388800036
1991-02-25,135.63,5.87,Valeur mesurée,40494388800036
1991-03-04,135.56,5.94,Valeur mesurée,40494388800036
1991-03-11,135.58,5.92,Valeur mesurée,40494388800036
1991-03-18,135.62,5.88,Valeur mesurée,40494388800036
1991-03-25,135.68,5.82,Valeur mesurée,40494388800036
1991-04-01,135.67,5.83,Valeur mesurée,40494388800036
1991-04-08,135.65,5.85,Valeur mesurée,40494388800036
1991-04-15,135.62,5.88,Valeur mesurée,40494388800036
1991-04-22,135.6,5.9,Valeur mesurée,40494388800036
1991-04-29,135.6,5.9,Valeur mesurée,40494388800036
1991-05-06,135.63,5.87,Valeur mesurée,40494388800036
1991-05-13,135.63,5.87,Valeur mesurée,40494388800036
1991-05-20,135.65,5.85,Valeur mesurée,40494388800036
1991-05-27,135.63,5.87,Valeur mesurée,40494388800036
1991-06-03,135.59,5.91,Valeur mesurée,40494388800036
1991-06-10,135.61,5.89,Valeur mesurée,40494388800036
1991-06-17,135.58,5.92,Valeur mesurée,40494388800036
1991-06-24,135.62,5.88,Valeur mesurée,40494388800036
1991-07-01,135.62,5.88,Valeur mesurée,40494388800036
1991-07-08,135.56,5.94,Valeur mesurée,40494388800036
1991-07-15,135.57,5.93,Valeur mesurée,40494388800036
1991-07-22,135.58,5.92,Valeur mesurée,40494388800036
1991-07-29,135.59,5.91,Valeur mesurée,40494388800036
1991-08-05,135.56,5.94,Valeur mesurée,40494388800036
1991-08-12,135.54,5.96,Valeur mesurée,40494388800036
1991-08-19,135.54,5.96,Valeur mesurée,40494388800036
1991-08-26,135.53,5.97,Valeur mesurée,40494388800036
1991-09-02,135.53,5.97,Valeur mesurée,40494388800036
1991-09-09,135.53,5.97,Valeur mesurée,40494388800036
1991-09-16,135.52,5.98,Valeur mesurée,40494388800036
1991-09-23,135.52,5.98,Valeur mesurée,40494388800036
1991-09-30,135.52,5.98,Valeur mesurée,40494388800036
1991-10-07,135.61,5.89,Valeur mesurée,40494388800036
1991-10-14,135.64,5.86,Valeur mesurée,40494388800036
1991-10-21,135.63,5.87,Valeur mesurée,40494388800036
1991-10-28,135.62,5.88,Valeur mesurée,40494388800036
1991-11-04,135.61,5.89,Valeur mesurée,40494388800036
1991-11-11,135.62,5.88,Valeur mesurée,40494388800036
1991-11-18,135.69,5.81,Valeur mesurée,40494388800036
1991-11-25,135.66,5.84,Valeur mesurée,40494388800036
1991-12-02,135.62,5.88,Valeur mesurée,40494388800036
1991-12-09,135.6,5.9,Valeur mesurée,40494388800036
1991-12-16,135.62,5.88,Valeur mesurée,40494388800036
1991-12-23,135.9,5.6,Valeur mesurée,40494388800036
1991-12-30,135.83,5.67,Valeur mesurée,40494388800036
1992-01-06,135.75,5.75,Valeur mesurée,40494388800036
1992-01-13,135.77,5.73,Valeur mesurée,40494388800036
1992-01-20,135.7,5.8,Valeur mesurée,40494388800036
1992-01-27,135.67,5.83,Valeur mesurée,40494388800036
1992-02-03,135.66,5.84,Valeur mesurée,40494388800036
1992-02-10,135.7,5.8,Valeur mesurée,40494388800036
1992-02-17,135.73,5.77,Valeur mesurée,40494388800036
1992-02-24,135.68,5.82,Valeur mesurée,40494388800036
1992-03-02,135.63,5.87,Valeur mesurée,40494388800036
1992-03-09,135.61,5.89,Valeur mesurée,40494388800036
1992-03-16,135.69,5.81,Valeur mesurée,40494388800036
1992-03-23,135.7,5.8,Valeur mesurée,40494388800036
1992-03-30,135.78,5.72,Valeur mesurée,40494388800036
1992-04-06,135.73,5.77,Valeur mesurée,40494388800036
1992-04-13,135.69,5.81,Valeur mesurée,40494388800036
1992-04-20,135.69,5.81,Valeur mesurée,40494388800036
1992-04-27,135.66,5.84,Valeur mesurée,40494388800036
1992-05-04,135.65,5.85,Valeur mesurée,40494388800036
1992-05-11,135.62,5.88,Valeur mesurée,40494388800036
1992-05-18,135.58,5.92,Valeur mesurée,40494388800036
1992-05-25,135.57,5.93,Valeur mesurée,40494388800036
1992-06-01,135.57,5.93,Valeur mesurée,40494388800036
1992-06-08,135.62,5.88,Valeur mesurée,40494388800036
1992-06-15,135.6,5.9,Valeur mesurée,40494388800036
1992-06-22,135.54,5.96,Valeur mesurée,40494388800036
1992-06-29,135.6,5.9,Valeur mesurée,40494388800036
1992-07-06,135.55,5.95,Valeur mesurée,40494388800036
1992-07-13,135.59,5.91,Valeur mesurée,40494388800036
1992-07-20,135.54,5.96,Valeur mesurée,40494388800036
1992-07-27,135.52,5.98,Valeur mesurée,40494388800036
1992-08-03,135.5,6.0,Valeur mesurée,40494388800036
1992-08-10,135.49,6.01,Valeur mesurée,40494388800036
1992-08-17,135.48,6.02,Valeur mesurée,40494388800036
1992-08-24,135.49,6.01,Valeur mesurée,40494388800036
1992-08-31,135.5,6.0,Valeur mesurée,40494388800036
1992-09-07,135.57,5.93,Valeur mesurée,40494388800036
1992-09-14,135.54,5.96,Valeur mesurée,40494388800036
1992-09-21,135.52,5.98,Valeur mesurée,40494388800036
1992-09-28,135.49,6.01,Valeur mesurée,40494388800036
1992-10-05,135.5,6.0,Valeur mesurée,40494388800036
1992-10-12,135.52,5.98,Valeur mesurée,40494388800036
1992-10-19,135.5,6.0,Valeur mesurée,40494388800036
1992-10-26,135.55,5.95,Valeur mesurée,40494388800036
1992-11-02,135.6,5.9,Valeur mesurée,40494388800036
1992-11-09,135.56,5.94,Valeur mesurée,40494388800036
1992-11-16,135.66,5.84,Valeur mesurée,40494388800036
1992-11-23,135.7,5.8,Valeur mesurée,40494388800036
1992-11-30,135.7,5.8,Valeur mesurée,40494388800036
1992-12-07,135.72,5.78,Valeur mesurée,40494388800036
1992-12-14,135.68,5.82,Valeur mesurée,40494388800036
1992-12-21,135.65,5.85,Valeur mesurée,40494388800036
1992-12-28,135.62,5.88,Valeur mesurée,40494388800036
1993-01-04,135.58,5.92,Valeur mesurée,40494388800036
1993-01-11,135.56,5.94,Valeur mesurée,40494388800036
1993-01-18,135.59,5.91,Valeur mesurée,40494388800036
1993-01-25,135.58,5.92,Valeur mesurée,40494388800036
1993-02-01,135.62,5.88,Valeur mesurée,40494388800036
1993-02-08,135.59,5.91,Valeur mesurée,40494388800036
1993-02-15,135.56,5.94,Valeur mesurée,40494388800036
1993-02-22,135.53,5.97,Valeur mesurée,40494388800036
1993-03-01,135.5,6.0,Valeur mesurée,40494388800036
1993-03-08,135.48,6.02,Valeur mesurée,40494388800036
1993-03-15,135.5,6.0,Valeur mesurée,40494388800036
1993-03-22,135.5,6.0,Valeur mesurée,40494388800036
1993-03-29,135.49,6.01,Valeur mesurée,40494388800036
1993-04-05,135.46,6.04,Valeur mesurée,40494388800036
1993-04-12,135.5,6.0,Valeur mesurée,40494388800036
1993-04-19,135.5,6.0,Valeur mesurée,40494388800036
1993-04-26,135.49,6.01,Valeur mesurée,40494388800036
1993-05-03,135.48,6.02,Valeur mesurée,40494388800036
1993-05-10,135.47,6.03,Valeur mesurée,40494388800036
1993-05-17,135.48,6.02,Valeur mesurée,40494388800036
1993-05-24,135.5,6.0,Valeur mesurée,40494388800036
1993-06-01,135.44,6.06,Valeur mesurée,40494388800036
1993-06-07,135.45,6.05,Valeur mesurée,40494388800036
1993-06-14,135.45,6.05,Valeur mesurée,40494388800036
1993-06-21,135.45,6.05,Valeur mesurée,40494388800036
1993-06-28,135.45,6.05,Valeur mesurée,40494388800036
1993-07-05,135.43,6.07,Valeur mesurée,40494388800036
1993-07-12,135.42,6.08,Valeur mesurée,40494388800036
1993-07-19,135.46,6.04,Valeur mesurée,40494388800036
1993-07-26,135.49,6.01,Valeur mesurée,40494388800036
1993-08-02,135.48,6.02,Valeur mesurée,40494388800036
1993-08-09,135.46,6.04,Valeur mesurée,40494388800036
1993-08-16,135.45,6.05,Valeur mesurée,40494388800036
1993-08-23,135.43,6.07,Valeur mesurée,40494388800036
1993-08-30,135.41,6.09,Valeur mesurée,40494388800036
1993-09-06,135.43,6.07,Valeur mesurée,40494388800036
1993-09-13,135.49,6.01,Valeur mesurée,40494388800036
1993-09-20,135.5,6.0,Valeur mesurée,40494388800036
1993-09-27,135.5,6.0,Valeur mesurée,40494388800036
1993-10-04,135.52,5.98,Valeur mesurée,40494388800036
1993-10-11,135.53,5.97,Valeur mesurée,40494388800036
1993-10-18,135.59,5.91,Valeur mesurée,40494388800036
1993-10-25,135.62,5.88,Valeur mesurée,40494388800036
1993-11-01,135.63,5.87,Valeur mesurée,40494388800036
1993-11-08,135.6,5.9,Valeur mesurée,40494388800036
1993-11-15,135.6,5.9,Valeur mesurée,40494388800036
1993-11-22,135.61,5.89,Valeur mesurée,40494388800036
1993-11-29,135.56,5.94,Valeur mesurée,40494388800036
1993-12-06,135.56,5.94,Valeur mesurée,40494388800036
1993-12-13,135.68,5.82,Valeur mesurée,40494388800036
1993-12-20,135.79,5.71,Valeur mesurée,40494388800036
1993-12-27,135.88,5.62,Valeur mesurée,40494388800036
1994-01-03,135.92,5.58,Valeur mesurée,40494388800036
1994-01-10,135.88,5.62,Valeur mesurée,40494388800036
1994-01-17,135.8,5.7,Valeur mesurée,40494388800036
1994-01-24,135.71,5.79,Valeur mesurée,40494388800036
1994-01-31,135.83,5.67,Valeur mesurée,40494388800036
1994-02-07,135.86,5.64,Valeur mesurée,40494388800036
1994-02-14,135.82,5.68,Valeur mesurée,40494388800036
1994-02-21,135.77,5.73,Valeur mesurée,40494388800036
1994-02-28,135.81,5.69,Valeur mesurée,40494388800036
1994-03-07,135.75,5.75,Valeur mesurée,40494388800036
1994-03-14,135.73,5.77,Valeur mesurée,40494388800036
1994-03-21,135.74,5.76,Valeur mesurée,40494388800036
1994-03-28,135.72,5.78,Valeur mesurée,40494388800036
1994-04-04,135.73,5.77,Valeur mesurée,40494388800036
1994-04-11,135.72,5.78,Valeur mesurée,40494388800036
1994-04-18,135.75,5.75,Valeur mesurée,40494388800036
1994-04-25,135.71,5.79,Valeur mesurée,40494388800036
1994-05-02,135.71,5.79,Valeur mesurée,40494388800036
1994-05-09,135.7,5.8,Valeur mesurée,40494388800036
1994-05-16,135.7,5.8,Valeur mesurée,40494388800036
1994-05-23,135.74,5.76,Valeur mesurée,40494388800036
1994-05-30,135.8,5.7,Valeur mesurée,40494388800036
1994-06-06,135.78,5.72,Valeur mesurée,40494388800036
1994-06-13,135.76,5.74,Valeur mesurée,40494388800036
1994-06-20,135.75,5.75,Valeur mesurée,40494388800036
1994-06-27,135.67,5.83,Valeur mesurée,40494388800036
1994-07-04,135.65,5.85,Valeur mesurée,40494388800036
1994-07-11,135.6,5.9,Valeur mesurée,40494388800036
1994-07-18,135.6,5.9,Valeur mesurée,40494388800036
1994-07-25,135.6,5.9,Valeur mesurée,40494388800036
1994-08-01,135.59,5.91,Valeur mesurée,40494388800036
1994-08-08,135.56,5.94,Valeur mesurée,40494388800036
1994-08-15,135.57,5.93,Valeur mesurée,40494388800036
1994-08-22,135.58,5.92,Valeur mesurée,40494388800036
1994-08-29,135.56,5.94,Valeur mesurée,40494388800036
1994-09-05,135.55,5.95,Valeur mesurée,40494388800036
1994-09-12,135.61,5.89,Valeur mesurée,40494388800036
1994-09-19,135.64,5.86,Valeur mesurée,40494388800036
1994-09-26,135.62,5.88,Valeur mesurée,40494388800036
1994-10-03,135.6,5.9,Valeur mesurée,40494388800036
1994-10-10,135.59,5.91,Valeur mesurée,40494388800036
1994-10-17,135.58,5.92,Valeur mesurée,40494388800036
1994-10-24,135.59,5.91,Valeur mesurée,40494388800036
1994-10-31,135.6,5.9,Valeur mesurée,40494388800036
1994-11-07,135.61,5.89,Valeur mesurée,40494388800036
1994-11-14,135.6,5.9,Valeur mesurée,40494388800036
1994-11-21,135.59,5.91,Valeur mesurée,40494388800036
1994-11-28,135.58,5.92,Valeur mesurée,40494388800036
1994-12-05,135.56,5.94,Valeur mesurée,40494388800036
1994-12-12,135.53,5.97,Valeur mesurée,40494388800036
1994-12-19,135.54,5.96,Valeur mesurée,40494388800036
1994-12-26,135.55,5.95,Valeur mesurée,40494388800036
1995-01-02,135.58,5.92,Valeur mesurée,40494388800036
1995-01-09,135.59,5.91,Valeur mesurée,40494388800036
1995-01-16,135.6,5.9,Valeur mesurée,40494388800036
1995-01-23,135.55,5.95,Valeur mesurée,40494388800036
1995-01-30,135.74,5.76,Valeur mesurée,40494388800036
1995-02-06,135.73,5.77,Valeur mesurée,40494388800036
1995-02-13,135.68,5.82,Valeur mesurée,40494388800036
1995-02-20,135.72,5.78,Valeur mesurée,40494388800036
1995-02-27,135.71,5.79,Valeur mesurée,40494388800036
1995-03-06,135.7,5.8,Valeur mesurée,40494388800036
1995-03-13,135.63,5.87,Valeur mesurée,40494388800036
1995-03-20,135.64,5.86,Valeur mesurée,40494388800036
1995-03-27,135.75,5.75,Valeur mesurée,40494388800036
1995-04-03,135.73,5.77,Valeur mesurée,40494388800036
1995-04-10,135.7,5.8,Valeur mesurée,40494388800036
1995-04-17,135.71,5.79,Valeur mesurée,40494388800036
1995-04-24,135.68,5.82,Valeur mesurée,40494388800036
1995-05-01,135.7,5.8,Valeur mesurée,40494388800036
1995-05-08,135.69,5.81,Valeur mesurée,40494388800036
1995-05-15,135.7,5.8,Valeur mesurée,40494388800036
1995-05-22,135.74,5.76,Valeur mesurée,40494388800036
1995-05-29,135.74,5.76,Valeur mesurée,40494388800036
1995-06-05,135.8,5.7,Valeur mesurée,40494388800036
1995-06-12,135.76,5.74,Valeur mesurée,40494388800036
1995-06-19,135.75,5.75,Valeur mesurée,40494388800036
1995-06-26,135.73,5.77,Valeur mesurée,40494388800036
1995-07-03,135.68,5.82,Valeur mesurée,40494388800036
1995-07-10,135.66,5.84,Valeur mesurée,40494388800036
1995-07-17,135.62,5.88,Valeur mesurée,40494388800036
1995-07-24,135.63,5.87,Valeur mesurée,40494388800036
1995-07-31,135.64,5.86,Valeur mesurée,40494388800036
1995-08-07,135.62,5.88,Valeur mesurée,40494388800036
1995-08-14,135.62,5.88,Valeur mesurée,40494388800036
1995-08-21,135.6,5.9,Valeur mesurée,40494388800036
1995-08-28,135.62,5.88,Valeur mesurée,40494388800036
1995-09-04,135.63,5.87,Valeur mesurée,40494388800036
1995-09-11,135.65,5.85,Valeur mesurée,40494388800036
1995-09-18,135.64,5.86,Valeur mesurée,40494388800036
1995-09-25,135.67,5.83,Valeur mesurée,40494388800036
1995-10-02,135.6,5.9,Valeur mesurée,40494388800036
1995-10-09,135.62,5.88,Valeur mesurée,40494388800036
1995-10-16,135.6,5.9,Valeur mesurée,40494388800036
1995-10-23,135.58,5.92,Valeur mesurée,40494388800036
1995-10-30,135.62,5.88,Valeur mesurée,40494388800036
1995-11-06,135.62,5.88,Valeur mesurée,40494388800036
1995-11-13,135.58,5.92,Valeur mesurée,40494388800036
1995-11-20,135.6,5.9,Valeur mesurée,40494388800036
1995-11-27,135.6,5.9,Valeur mesurée,40494388800036
1995-12-04,135.6,5.9,Valeur mesurée,40494388800036
1995-12-11,135.58,5.92,Valeur mesurée,40494388800036
1995-12-18,135.55,5.95,Valeur mesurée,40494388800036
1995-12-25,135.71,5.79,Valeur mesurée,40494388800036
1996-01-01,135.7,5.8,Valeur mesurée,40494388800036
1996-01-08,135.68,5.82,Valeur mesurée,40494388800036
1996-01-15,135.65,5.85,Valeur mesurée,40494388800036
1996-01-22,135.62,5.88,Valeur mesurée,40494388800036
1996-01-29,135.62,5.88,Valeur mesurée,40494388800036
1996-02-05,135.61,5.89,Valeur mesurée,40494388800036
1996-02-12,135.6,5.9,Valeur mesurée,40494388800036
1996-02-19,135.64,5.86,Valeur mesurée,40494388800036
1996-02-26,135.61,5.89,Valeur mesurée,40494388800036
1996-03-04,135.53,5.97,Valeur mesurée,40494388800036
1996-03-11,135.52,5.98,Valeur mesurée,40494388800036
1996-03-18,135.55,5.95,Valeur mesurée,40494388800036
1996-03-25,135.62,5.88,Valeur mesurée,40494388800036
1996-04-01,135.61,5.89,Valeur mesurée,40494388800036
1996-04-08,135.6,5.9,Valeur mesurée,40494388800036
1996-04-15,135.62,5.88,Valeur mesurée,40494388800036
1996-04-22,135.61,5.89,Valeur mesurée,40494388800036
1996-04-29,135.6,5.9,Valeur mesurée,40494388800036
1996-05-06,135.63,5.87,Valeur mesurée,40494388800036
1996-05-13,135.63,5.87,Valeur mesurée,40494388800036
1996-05-20,135.72,5.78,Valeur mesurée,40494388800036
1996-05-27,135.74,5.76,Valeur mesurée,40494388800036
1996-06-03,135.75,5.75,Valeur mesurée,40494388800036
1996-06-10,135.75,5.75,Valeur mesurée,40494388800036
1996-06-17,135.7,5.8,Valeur mesurée,40494388800036
1996-06-24,135.69,5.81,Valeur mesurée,40494388800036
1996-07-01,135.64,5.86,Valeur mesurée,40494388800036
1996-07-08,135.69,5.81,Valeur mesurée,40494388800036
1996-07-15,135.69,5.81,Valeur mesurée,40494388800036
1996-07-22,135.66,5.84,Valeur mesurée,40494388800036
1996-07-29,135.62,5.88,Valeur mesurée,40494388800036
1996-08-05,135.57,5.93,Valeur mesurée,40494388800036
1996-08-12,135.58,5.92,Valeur mesurée,40494388800036
1996-08-19,135.6,5.9,Valeur mesurée,40494388800036
1996-08-26,135.6,5.9,Valeur mesurée,40494388800036
1996-09-02,135.56,5.94,Valeur mesurée,40494388800036
1996-09-09,135.54,5.96,Valeur mesurée,40494388800036
1996-09-16,135.53,5.97,Valeur mesurée,40494388800036
1996-09-23,135.53,5.97,Valeur mesurée,40494388800036
1996-09-30,135.52,5.98,Valeur mesurée,40494388800036
1996-10-07,135.55,5.95,Valeur mesurée,40494388800036
1996-10-14,135.56,5.94,Valeur mesurée,40494388800036
1996-10-21,135.58,5.92,Valeur mesurée,40494388800036
1996-10-28,135.56,5.94,Valeur mesurée,40494388800036
1996-11-03,135.55,5.95,Valeur mesurée,40494388800036
1996-11-10,135.56,5.94,Valeur mesurée,40494388800036
1996-11-17,135.7,5.8,Valeur mesurée,40494388800036
1996-11-25,135.67,5.83,Valeur mesurée,40494388800036
1996-12-02,135.74,5.76,Valeur mesurée,40494388800036
1996-12-09,135.7,5.8,Valeur mesurée,40494388800036
1996-12-15,135.65,5.85,Valeur mesurée,40494388800036
1996-12-23,135.69,5.81,Valeur mesurée,40494388800036
1996-12-30,135.71,5.79,Valeur mesurée,40494388800036
1997-01-06,135.65,5.85,Valeur mesurée,40494388800036
1997-01-13,135.61,5.89,Valeur mesurée,40494388800036
1997-01-20,135.61,5.89,Valeur mesurée,40494388800036
1997-01-26,135.65,5.85,Valeur mesurée,40494388800036
1997-02-02,135.63,5.87,Valeur mesurée,40494388800036
1997-02-09,135.62,5.88,Valeur mesurée,40494388800036
1997-02-17,135.67,5.83,Valeur mesurée,40494388800036
1997-02-24,135.68,5.82,Valeur mesurée,40494388800036
1997-03-03,135.8,5.7,Valeur mesurée,40494388800036
1997-03-10,135.72,5.78,Valeur mesurée,40494388800036
1997-03-17,135.68,5.82,Valeur mesurée,40494388800036
1997-03-24,135.67,5.83,Valeur mesurée,40494388800036
1997-03-31,135.69,5.81,Valeur mesurée,40494388800036
1997-04-06,135.7,5.8,Valeur mesurée,40494388800036
1997-04-14,135.67,5.83,Valeur mesurée,40494388800036
1997-04-20,135.67,5.83,Valeur mesurée,40494388800036
1997-04-27,135.69,5.81,Valeur mesurée,40494388800036
1997-05-05,135.58,5.92,Valeur mesurée,40494388800036
1997-05-12,135.73,5.77,Valeur mesurée,40494388800036
1997-05-19,135.71,5.79,Valeur mesurée,40494388800036
1997-05-26,135.7,5.8,Valeur mesurée,40494388800036
1997-06-02,135.65,5.85,Valeur mesurée,40494388800036
1997-06-09,135.68,5.82,Valeur mesurée,40494388800036
1997-06-16,135.68,5.82,Valeur mesurée,40494388800036
1997-06-23,135.74,5.76,Valeur mesurée,40494388800036
1997-06-30,135.79,5.71,Valeur mesurée,40494388800036
1997-07-07,135.72,5.78,Valeur mesurée,40494388800036
1997-07-14,135.78,5.72,Valeur mesurée,40494388800036
1997-07-21,135.75,5.75,Valeur mesurée,40494388800036
1997-07-28,135.77,5.73,Valeur mesurée,40494388800036
1997-08-04,135.73,5.77,Valeur mesurée,40494388800036
1997-08-11,135.71,5.79,Valeur mesurée,40494388800036
1997-08-18,135.68,5.82,Valeur mesurée,40494388800036
1997-08-25,135.61,5.89,Valeur mesurée,40494388800036
1997-09-01,135.65,5.85,Valeur mesurée,40494388800036
1997-09-08,135.65,5.85,Valeur mesurée,40494388800036
1997-09-15,135.7,5.8,Valeur mesurée,40494388800036
1997-09-22,135.68,5.82,Valeur mesurée,40494388800036
1997-09-29,135.65,5.85,Valeur mesurée,40494388800036
1997-10-06,135.67,5.83,Valeur mesurée,40494388800036
1997-10-13,135.65,5.85,Valeur mesurée,40494388800036
1997-10-20,135.64,5.86,Valeur mesurée,40494388800036
1997-10-27,135.63,5.87,Valeur mesurée,40494388800036
1997-11-03,135.6,5.9,Valeur mesurée,40494388800036
1997-11-10,135.67,5.83,Valeur mesurée,40494388800036
1997-11-17,135.68,5.82,Valeur mesurée,40494388800036
1997-11-24,135.68,5.82,Valeur mesurée,40494388800036
1997-12-01,135.69,5.81,Valeur mesurée,40494388800036
1997-12-08,135.69,5.81,Valeur mesurée,40494388800036
1997-12-15,135.67,5.83,Valeur mesurée,40494388800036
1997-12-22,135.85,5.65,Valeur mesurée,40494388800036
1997-12-29,135.84,5.66,Valeur mesurée,40494388800036
1998-01-05,135.8,5.7,Valeur mesurée,40494388800036
1998-01-12,135.78,5.72,Valeur mesurée,40494388800036
1998-01-19,135.75,5.75,Valeur mesurée,40494388800036
1998-01-26,135.72,5.78,Valeur mesurée,40494388800036
1998-02-02,135.7,5.8,Valeur mesurée,40494388800036
1998-02-09,135.69,5.81,Valeur mesurée,40494388800036
1998-02-16,135.66,5.84,Valeur mesurée,40494388800036
1998-02-23,135.72,5.78,Valeur mesurée,40494388800036
1998-03-02,135.7,5.8,Valeur mesurée,40494388800036
1998-03-09,135.71,5.79,Valeur mesurée,40494388800036
1998-03-16,135.68,5.82,Valeur mesurée,40494388800036
1998-03-23,135.66,5.84,Valeur mesurée,40494388800036
1998-03-30,135.64,5.86,Valeur mesurée,40494388800036
1998-04-06,135.68,5.82,Valeur mesurée,40494388800036
1998-04-13,135.76,5.74,Valeur mesurée,40494388800036
1998-04-20,135.73,5.77,Valeur mesurée,40494388800036
1998-04-27,135.73,5.77,Valeur mesurée,40494388800036
1998-05-04,135.77,5.73,Valeur mesurée,40494388800036
1998-05-11,135.7,5.8,Valeur mesurée,40494388800036
1998-05-18,135.65,5.85,Valeur mesurée,40494388800036
1998-05-25,135.65,5.85,Valeur mesurée,40494388800036
1998-06-01,135.66,5.84,Valeur mesurée,40494388800036
1998-06-08,135.69,5.81,Valeur mesurée,40494388800036
1998-06-15,135.7,5.8,Valeur mesurée,40494388800036
1998-06-22,135.68,5.82,Valeur mesurée,40494388800036
1998-06-29,135.62,5.88,Valeur mesurée,40494388800036
1998-07-06,135.64,5.86,Valeur mesurée,40494388800036
1998-07-13,135.62,5.88,Valeur mesurée,40494388800036
1998-07-20,135.6,5.9,Valeur mesurée,40494388800036
1998-07-27,135.58,5.92,Valeur mesurée,40494388800036
1998-08-03,135.64,5.86,Valeur mesurée,40494388800036
1998-08-10,135.58,5.92,Valeur mesurée,40494388800036
1998-08-17,135.57,5.93,Valeur mesurée,40494388800036
1998-08-24,135.6,5.9,Valeur mesurée,40494388800036
1998-08-31,135.57,5.93,Valeur mesurée,40494388800036
1998-09-07,135.56,5.94,Valeur mesurée,40494388800036
1998-09-14,135.65,5.85,Valeur mesurée,40494388800036
1998-09-21,135.65,5.85,Valeur mesurée,40494388800036
1998-09-28,135.63,5.87,Valeur mesurée,40494388800036
1998-10-05,135.66,5.84,Valeur mesurée,40494388800036
1998-10-12,135.66,5.84,Valeur mesurée,40494388800036
1998-10-19,135.7,5.8,Valeur mesurée,40494388800036
1998-10-26,135.74,5.76,Valeur mesurée,40494388800036
1998-11-02,135.9,5.6,Valeur mesurée,40494388800036
1998-11-09,135.83,5.67,Valeur mesurée,40494388800036
1998-11-16,135.9,5.6,Valeur mesurée,40494388800036
1998-11-23,135.79,5.71,Valeur mesurée,40494388800036
1998-11-30,135.72,5.78,Valeur mesurée,40494388800036
1998-12-07,135.69,5.81,Valeur mesurée,40494388800036
1998-12-14,135.64,5.86,Valeur mesurée,40494388800036
1998-12-21,135.65,5.85,Valeur mesurée,40494388800036
1998-12-28,135.73,5.77,Valeur mesurée,40494388800036
1999-01-04,135.72,5.78,Valeur mesurée,40494388800036
1999-01-11,135.69,5.81,Valeur mesurée,40494388800036
1999-01-18,135.72,5.78,Valeur mesurée,40494388800036
1999-01-25,135.71,5.79,Valeur mesurée,40494388800036
1999-02-02,135.75,5.75,Valeur mesurée,40494388800036
1999-02-09,135.77,5.73,Valeur mesurée,40494388800036
1999-02-16,135.71,5.79,Valeur mesurée,40494388800036
1999-02-23,136.12,5.38,Valeur mesurée,40494388800036
1999-03-02,135.92,5.58,Valeur mesurée,40494388800036
1999-03-09,135.99,5.51,Valeur mesurée,40494388800036
1999-03-16,135.98,5.52,Valeur mesurée,40494388800036
1999-03-23,135.87,5.63,Valeur mesurée,40494388800036
1999-03-30,135.82,5.68,Valeur mesurée,40494388800036
1999-04-06,135.82,5.68,Valeur mesurée,40494388800036
1999-04-12,135.81,5.69,Valeur mesurée,40494388800036
1999-04-20,135.82,5.68,Valeur mesurée,40494388800036
1999-04-27,135.8,5.7,Valeur mesurée,40494388800036
1999-05-04,135.77,5.73,Valeur mesurée,40494388800036
1999-05-11,135.78,5.72,Valeur mesurée,40494388800036
1999-05-18,135.84,5.66,Valeur mesurée,40494388800036
1999-05-25,135.84,5.66,Valeur mesurée,40494388800036
1999-06-01,135.79,5.71,Valeur mesurée,40494388800036
1999-06-08,135.8,5.7,Valeur mesurée,40494388800036
1999-06-15,135.74,5.76,Valeur mesurée,40494388800036
1999-06-22,135.66,5.84,Valeur mesurée,40494388800036
1999-06-29,135.67,5.83,Valeur mesurée,40494388800036
1999-07-06,135.66,5.84,Valeur mesurée,40494388800036
1999-07-13,135.65,5.85,Valeur mesurée,40494388800036
1999-07-20,135.63,5.87,Valeur mesurée,40494388800036
1999-07-27,135.58,5.92,Valeur mesurée,40494388800036
1999-08-03,135.64,5.86,Valeur mesurée,40494388800036
1999-08-10,135.69,5.81,Valeur mesurée,40494388800036
1999-08-17,135.68,5.82,Valeur mesurée,40494388800036
1999-08-24,135.66,5.84,Valeur mesurée,40494388800036
1999-08-31,135.65,5.85,Valeur mesurée,40494388800036
1999-09-07,135.63,5.87,Valeur mesurée,40494388800036
1999-09-14,135.61,5.89,Valeur mesurée,40494388800036
1999-09-21,135.62,5.88,Valeur mesurée,40494388800036
1999-09-28,135.65,5.85,Valeur mesurée,40494388800036
1999-10-05,135.71,5.79,Valeur mesurée,40494388800036
1999-10-12,135.7,5.8,Valeur mesurée,40494388800036
1999-10-19,135.66,5.84,Valeur mesurée,40494388800036
1999-10-26,135.75,5.75,Valeur mesurée,40494388800036
1999-11-03,135.75,5.75,Valeur mesurée,40494388800036
1999-11-09,135.72,5.78,Valeur mesurée,40494388800036
1999-11-15,135.7,5.8,Valeur mesurée,40494388800036
1999-11-23,135.68,5.82,Valeur mesurée,40494388800036
1999-11-30,135.69,5.84,Valeur mesurée,40494388800036
1999-12-07,135.75,5.78,Valeur mesurée,40494388800036
1999-12-14,135.83,5.7,Valeur mesurée,40494388800036
1999-12-21,136.1,5.43,Valeur mesurée,40494388800036
1999-12-28,136.13,5.4,Valeur mesurée,40494388800036
2000-01-04,135.93,5.6,Valeur mesurée,40494388800036
2000-01-11,135.88,5.65,Valeur mesurée,40494388800036
2000-01-18,135.82,5.71,Valeur mesurée,40494388800036
2000-01-25,135.76,5.77,Valeur mesurée,40494388800036
2000-02-01,135.83,5.7,Valeur mesurée,40494388800036
2000-02-08,135.77,5.76,Valeur mesurée,40494388800036
2000-02-15,135.84,5.69,Valeur mesurée,40494388800036
2000-02-22,135.9,5.63,Valeur mesurée,40494388800036
2000-02-29,135.86,5.67,Valeur mesurée,40494388800036
2000-03-07,135.89,5.64,Valeur mesurée,40494388800036
2000-03-14,135.83,5.7,Valeur mesurée,40494388800036
2000-03-21,135.8,5.73,Valeur mesurée,40494388800036
2000-03-28,135.8,5.73,Valeur mesurée,40494388800036
2000-04-04,135.77,5.76,Valeur mesurée,40494388800036
2000-04-11,135.78,5.75,Valeur mesurée,40494388800036
2000-04-18,135.78,5.75,Valeur mesurée,40494388800036
2000-04-25,135.79,5.74,Valeur mesurée,40494388800036
2000-05-02,135.81,5.72,Valeur mesurée,40494388800036
2000-05-09,135.79,5.74,Valeur mesurée,40494388800036
2000-05-16,135.8,5.73,Valeur mesurée,40494388800036
2000-05-23,135.78,5.75,Valeur mesurée,40494388800036
2000-05-30,135.76,5.77,Valeur mesurée,40494388800036
2000-06-06,135.87,5.66,Valeur mesurée,40494388800036
2000-06-13,135.82,5.71,Valeur mesurée,40494388800036
2000-06-20,135.76,5.77,Valeur mesurée,40494388800036
2000-06-27,135.74,5.79,Valeur mesurée,40494388800036
2000-07-04,135.72,5.81,Valeur mesurée,40494388800036
2000-07-11,135.79,5.74,Valeur mesurée,40494388800036
2000-07-18,135.84,5.69,Valeur mesurée,40494388800036
2000-07-25,135.79,5.74,Valeur mesurée,40494388800036
2000-08-01,135.84,5.69,Valeur mesurée,40494388800036
2000-08-08,135.8,5.73,Valeur mesurée,40494388800036
2000-08-15,135.73,5.8,Valeur mesurée,40494388800036
2000-08-22,135.72,5.81,Valeur mesurée,40494388800036
2000-08-29,135.72,5.81,Valeur mesurée,40494388800036
2000-09-05,135.72,5.81,Valeur mesurée,40494388800036
2000-09-12,135.71,5.82,Valeur mesurée,40494388800036
2000-09-19,135.71,5.82,Valeur mesurée,40494388800036
2000-09-26,135.73,5.8,Valeur mesurée,40494388800036
2000-10-03,135.73,5.8,Valeur mesurée,40494388800036
2000-10-10,135.73,5.8,Valeur mesurée,40494388800036
2000-10-17,135.74,5.79,Valeur mesurée,40494388800036
2000-10-24,135.73,5.8,Valeur mesurée,40494388800036
2000-10-30,135.71,5.82,Valeur mesurée,40494388800036
2000-11-07,135.7,5.83,Valeur mesurée,40494388800036
2000-11-14,135.84,5.69,Valeur mesurée,40494388800036
2000-11-21,135.79,5.74,Valeur mesurée,40494388800036
2000-11-28,135.8,5.73,Valeur mesurée,40494388800036
2000-12-05,135.8,5.73,Valeur mesurée,40494388800036
2000-12-12,135.82,5.71,Valeur mesurée,40494388800036
2000-12-19,135.8,5.73,Valeur mesurée,40494388800036
2000-12-27,135.79,5.74,Valeur mesurée,40494388800036
2001-01-02,135.8,5.73,Valeur mesurée,40494388800036
2001-01-09,135.81,5.72,Valeur mesurée,40494388800036
2001-01-16,135.8,5.73,Valeur mesurée,40494388800036
2001-01-23,135.77,5.76,Valeur mesurée,40494388800036
2001-01-30,135.78,5.75,Valeur mesurée,40494388800036
2001-02-06,135.82,5.71,Valeur mesurée,40494388800036
2001-02-13,135.81,5.72,Valeur mesurée,40494388800036
2001-02-20,135.8,5.73,Valeur mesurée,40494388800036
2001-02-27,135.79,5.74,Valeur mesurée,40494388800036
2001-03-05,135.86,5.67,Valeur mesurée,40494388800036
2001-03-13,135.96,5.57,Valeur mesurée,40494388800036
2001-03-20,136.01,5.52,Valeur mesurée,40494388800036
2001-03-27,136.03,5.5,Valeur mesurée,40494388800036
2001-04-04,135.93,5.6,Valeur mesurée,40494388800036
2001-04-10,135.93,5.6,Valeur mesurée,40494388800036
2001-04-17,135.92,5.61,Valeur mesurée,40494388800036
2001-04-24,135.9,5.63,Valeur mesurée,40494388800036
2001-05-02,135.91,5.62,Valeur mesurée,40494388800036
2001-05-08,135.93,5.6,Valeur mesurée,40494388800036
2001-05-15,135.91,5.62,Valeur mesurée,40494388800036
2001-05-22,135.87,5.66,Valeur mesurée,40494388800036
2001-05-29,135.83,5.7,Valeur mesurée,40494388800036
2001-06-05,135.84,5.69,Valeur mesurée,40494388800036
2001-06-12,135.85,5.68,Valeur mesurée,40494388800036
2001-06-19,135.89,5.64,Valeur mesurée,40494388800036
2001-06-26,135.8,5.73,Valeur mesurée,40494388800036
2001-07-03,135.79,5.74,Valeur mesurée,40494388800036
2001-07-10,135.77,5.76,Valeur mesurée,40494388800036
2001-07-17,135.81,5.72,Valeur mesurée,40494388800036
2001-07-24,135.78,5.75,Valeur mesurée,40494388800036
2001-07-31,135.75,5.78,Valeur mesurée,40494388800036
2001-08-07,135.73,5.8,Valeur mesurée,40494388800036
2001-08-14,135.73,5.8,Valeur mesurée,40494388800036
2001-08-21,135.72,5.81,Valeur mesurée,40494388800036
2001-08-28,135.69,5.84,Valeur mesurée,40494388800036
2001-09-04,135.7,5.83,Valeur mesurée,40494388800036
2001-09-11,135.78,5.75,Valeur mesurée,40494388800036
2001-09-18,135.81,5.72,Valeur mesurée,40494388800036
2001-09-25,135.8,5.73,Valeur mesurée,40494388800036
2001-10-02,135.8,5.73,Valeur mesurée,40494388800036
2001-10-09,135.81,5.72,Valeur mesurée,40494388800036
2001-10-16,135.78,5.75,Valeur mesurée,40494388800036
2001-10-23,135.79,5.74,Valeur mesurée,40494388800036
2001-10-30,135.76,5.77,Valeur mesurée,40494388800036
2001-11-06,135.75,5.78,Valeur mesurée,40494388800036
2001-11-13,135.81,5.72,Valeur mesurée,40494388800036
2001-11-20,135.78,5.75,Valeur mesurée,40494388800036
2001-11-27,135.75,5.78,Valeur mesurée,40494388800036
2001-12-04,135.83,5.7,Valeur mesurée,40494388800036
2001-12-11,135.79,5.74,Valeur mesurée,40494388800036
2001-12-18,135.77,5.76,Valeur mesurée,40494388800036
2001-12-24,135.74,5.79,Valeur mesurée,40494388800036
2001-12-31,136.14,5.39,Valeur mesurée,40494388800036
2002-01-08,135.92,5.61,Valeur mesurée,40494388800036
2002-01-15,135.79,5.74,Valeur mesurée,40494388800036
2002-01-22,135.76,5.77,Valeur mesurée,40494388800036
2002-01-29,135.86,5.67,Valeur mesurée,40494388800036
2002-02-05,135.82,5.71,Valeur mesurée,40494388800036
2002-02-12,135.85,5.68,Valeur mesurée,40494388800036
2002-02-19,135.81,5.72,Valeur mesurée,40494388800036
2002-02-26,135.95,5.58,Valeur mesurée,40494388800036
2002-03-05,135.86,5.67,Valeur mesurée,40494388800036
2002-03-12,135.84,5.69,Valeur mesurée,40494388800036
2002-03-19,135.83,5.7,Valeur mesurée,40494388800036
2002-03-26,135.94,5.59,Valeur mesurée,40494388800036
2002-04-02,135.88,5.65,Valeur mesurée,40494388800036
2002-04-09,135.82,5.71,Valeur mesurée,40494388800036
2002-04-16,135.81,5.72,Valeur mesurée,40494388800036
2002-04-23,135.8,5.73,Valeur mesurée,40494388800036
2002-04-30,135.79,5.74,Valeur mesurée,40494388800036
2002-05-07,135.93,5.6,Valeur mesurée,40494388800036
2002-05-14,135.89,5.64,Valeur mesurée,40494388800036
2002-05-21,135.84,5.69,Valeur mesurée,40494388800036
2002-05-27,135.81,5.72,Valeur mesurée,40494388800036
2002-06-04,135.78,5.75,Valeur mesurée,40494388800036
2002-06-11,135.83,5.7,Valeur mesurée,40494388800036
2002-06-18,135.77,5.76,Valeur mesurée,40494388800036
2002-06-25,135.77,5.76,Valeur mesurée,40494388800036
2002-07-02,135.76,5.77,Valeur mesurée,40494388800036
2002-07-09,135.75,5.78,Valeur mesurée,40494388800036
2002-07-16,135.75,5.78,Valeur mesurée,40494388800036
2002-07-23,135.81,5.72,Valeur mesurée,40494388800036
2002-07-30,135.75,5.78,Valeur mesurée,40494388800036
2002-08-06,135.77,5.76,Valeur mesurée,40494388800036
2002-08-13,135.82,5.71,Valeur mesurée,40494388800036
2002-08-20,135.77,5.76,Valeur mesurée,40494388800036
2002-08-27,135.79,5.74,Valeur mesurée,40494388800036
2002-09-03,135.77,5.76,Valeur mesurée,40494388800036
2002-09-10,135.76,5.77,Valeur mesurée,40494388800036
2002-09-17,135.74,5.79,Valeur mesurée,40494388800036
2002-09-24,135.73,5.8,Valeur mesurée,40494388800036
2002-10-01,135.78,5.75,Valeur mesurée,40494388800036
2002-10-08,135.79,5.74,Valeur mesurée,40494388800036
2002-10-15,135.79,5.74,Valeur mesurée,40494388800036
2002-10-22,135.9,5.63,Valeur mesurée,40494388800036
2002-10-29,135.84,5.69,Valeur mesurée,40494388800036
2002-11-05,135.91,5.62,Valeur mesurée,40494388800036
2002-11-12,135.94,5.59,Valeur mesurée,40494388800036
2002-11-19,136.0,5.53,Valeur mesurée,40494388800036
2002-11-26,135.97,5.56,Valeur mesurée,40494388800036
2002-12-03,135.89,5.64,Valeur mesurée,40494388800036
2002-12-10,135.91,5.62,Valeur mesurée,40494388800036
2002-12-17,135.82,5.71,Valeur mesurée,40494388800036
2002-12-24,135.9,5.63,Valeur mesurée,40494388800036
2002-12-31,135.89,5.64,Valeur mesurée,40494388800036
2003-01-07,136.02,5.51,Valeur mesurée,40494388800036
2003-01-14,135.92,5.61,Valeur mesurée,40494388800036
2003-01-21,135.86,5.67,Valeur mesurée,40494388800036
2003-01-28,135.81,5.72,Valeur mesurée,40494388800036
2003-02-04,135.8,5.73,Valeur mesurée,40494388800036
2003-02-11,135.76,5.77,Valeur mesurée,40494388800036
2003-02-18,135.71,5.82,Valeur mesurée,40494388800036
2003-02-25,135.68,5.85,Valeur mesurée,40494388800036
2003-03-04,135.7,5.83,Valeur mesurée,40494388800036
2003-03-11,135.72,5.81,Valeur mesurée,40494388800036
2003-03-18,135.71,5.82,Valeur mesurée,40494388800036
2003-03-25,135.68,5.85,Valeur mesurée,40494388800036
2003-04-01,135.67,5.86,Valeur mesurée,40494388800036
2003-04-08,135.67,5.86,Valeur mesurée,40494388800036
2003-04-15,135.65,5.88,Valeur mesurée,40494388800036
2003-04-22,135.66,5.87,Valeur mesurée,40494388800036
2003-04-28,135.65,5.88,Valeur mesurée,40494388800036
2003-05-06,135.66,5.87,Valeur mesurée,40494388800036
2003-05-13,135.68,5.85,Valeur mesurée,40494388800036
2003-05-20,135.67,5.86,Valeur mesurée,40494388800036
2003-05-27,135.69,5.84,Valeur mesurée,40494388800036
2003-06-03,135.67,5.86,Valeur mesurée,40494388800036
2003-06-10,135.64,5.89,Valeur mesurée,40494388800036
2003-06-17,135.63,5.9,Valeur mesurée,40494388800036
2003-06-24,135.6,5.93,Valeur mesurée,40494388800036
2003-07-01,135.6,5.93,Valeur mesurée,40494388800036
2003-07-08,135.64,5.89,Valeur mesurée,40494388800036
2003-07-15,135.63,5.9,Valeur mesurée,40494388800036
2003-07-22,135.63,5.9,Valeur mesurée,40494388800036
2003-07-29,135.64,5.89,Valeur mesurée,40494388800036
2003-08-05,135.59,5.94,Valeur mesurée,40494388800036
2003-08-12,135.56,5.97,Valeur mesurée,40494388800036
2003-08-19,135.59,5.94,Valeur mesurée,40494388800036
2003-08-26,135.61,5.92,Valeur mesurée,40494388800036
2003-09-02,135.61,5.92,Valeur mesurée,40494388800036
2003-09-09,135.64,5.89,Valeur mesurée,40494388800036
2003-09-16,135.63,5.9,Valeur mesurée,40494388800036
2003-09-23,135.61,5.92,Valeur mesurée,40494388800036
2003-09-30,135.61,5.92,Valeur mesurée,40494388800036
2003-10-07,135.63,5.9,Valeur mesurée,40494388800036
2003-10-14,135.64,5.89,Valeur mesurée,40494388800036
2003-10-21,135.64,5.89,Valeur mesurée,40494388800036
2003-10-28,135.65,5.88,Valeur mesurée,40494388800036
2003-11-04,135.68,5.85,Valeur mesurée,40494388800036
2003-11-10,135.65,5.88,Valeur mesurée,40494388800036
2003-11-18,135.67,5.86,Valeur mesurée,40494388800036
2003-11-25,135.65,5.88,Valeur mesurée,40494388800036
2003-12-02,135.67,5.86,Valeur mesurée,40494388800036
2003-12-09,135.65,5.88,Valeur mesurée,40494388800036
2003-12-16,135.66,5.87,Valeur mesurée,40494388800036
2003-12-23,135.67,5.86,Valeur mesurée,40494388800036
2003-12-30,135.68,5.85,Valeur mesurée,40494388800036
2004-01-06,135.65,5.88,Valeur mesurée,40494388800036
2004-01-13,135.72,5.81,Valeur mesurée,40494388800036
2004-01-20,135.91,5.62,Valeur mesurée,40494388800036
2004-01-27,135.82,5.71,Valeur mesurée,40494388800036
2004-02-03,135.78,5.75,Valeur mesurée,40494388800036
2004-02-10,135.77,5.76,Valeur mesurée,40494388800036
2004-02-17,135.76,5.77,Valeur mesurée,40494388800036
2004-02-24,135.73,5.8,Valeur mesurée,40494388800036
2004-03-02,135.7,5.83,Valeur mesurée,40494388800036
2004-03-09,135.69,5.84,Valeur mesurée,40494388800036
2004-03-16,135.69,5.84,Valeur mesurée,40494388800036
2004-03-23,135.68,5.85,Valeur mesurée,40494388800036
2004-03-30,135.68,5.85,Valeur mesurée,40494388800036
2004-04-06,135.67,5.86,Valeur mesurée,40494388800036
2004-04-13,135.7,5.83,Valeur mesurée,40494388800036
2004-04-20,135.67,5.86,Valeur mesurée,40494388800036
2004-04-27,135.66,5.87,Valeur mesurée,40494388800036
2004-05-04,135.67,5.86,Valeur mesurée,40494388800036
2004-05-11,135.71,5.82,Valeur mesurée,40494388800036
2004-05-18,135.69,5.84,Valeur mesurée,40494388800036
2004-05-25,135.71,5.82,Valeur mesurée,40494388800036
2004-06-01,135.68,5.85,Valeur mesurée,40494388800036
2004-06-08,135.71,5.82,Valeur mesurée,40494388800036
2004-06-15,135.7,5.83,Valeur mesurée,40494388800036
2004-06-22,135.67,5.86,Valeur mesurée,40494388800036
2004-06-29,135.65,5.88,Valeur mesurée,40494388800036
2004-07-06,135.65,5.88,Valeur mesurée,40494388800036
2004-07-13,135.69,5.84,Valeur mesurée,40494388800036
2004-07-20,135.64,5.89,Valeur mesurée,40494388800036
2004-07-27,135.66,5.87,Valeur mesurée,40494388800036
2004-08-03,135.66,5.87,Valeur mesurée,40494388800036
2004-08-10,135.65,5.88,Valeur mesurée,40494388800036
2004-08-17,135.69,5.84,Valeur mesurée,40494388800036
2004-08-24,135.7,5.83,Valeur mesurée,40494388800036
2004-08-31,135.74,5.79,Valeur mesurée,40494388800036
2004-09-07,135.69,5.84,Valeur mesurée,40494388800036
2004-09-14,135.65,5.88,Valeur mesurée,40494388800036
2004-09-21,135.66,5.87,Valeur mesurée,40494388800036
2004-09-28,135.69,5.84,Valeur mesurée,40494388800036
2004-10-05,135.65,5.88,Valeur mesurée,40494388800036
2004-10-12,135.71,5.82,Valeur mesurée,40494388800036
2004-10-19,135.73,5.8,Valeur mesurée,40494388800036
2004-10-26,135.74,5.79,Valeur mesurée,40494388800036
2004-11-02,135.83,5.7,Valeur mesurée,40494388800036
2004-11-09,135.77,5.76,Valeur mesurée,40494388800036
2004-11-16,135.72,5.81,Valeur mesurée,40494388800036
2004-11-23,135.71,5.82,Valeur mesurée,40494388800036
2004-11-30,135.72,5.81,Valeur mesurée,40494388800036
2004-12-07,135.68,5.85,Valeur mesurée,40494388800036
2004-12-14,135.64,5.89,Valeur mesurée,40494388800036
2004-12-21,135.71,5.82,Valeur mesurée,40494388800036
2004-12-28,135.74,5.79,Valeur mesurée,40494388800036
2005-01-04,135.73,5.8,Valeur mesurée,40494388800036
2005-01-11,135.72,5.81,Valeur mesurée,40494388800036
2005-01-18,135.73,5.8,Valeur mesurée,40494388800036
2005-01-25,135.76,5.77,Valeur mesurée,40494388800036
2005-02-01,135.73,5.8,Valeur mesurée,40494388800036
2005-02-08,135.69,5.84,Valeur mesurée,40494388800036
2005-02-15,135.74,5.79,Valeur mesurée,40494388800036
2005-02-22,135.75,5.78,Valeur mesurée,40494388800036
2005-03-01,135.69,5.84,Valeur mesurée,40494388800036
2005-03-08,135.67,5.86,Valeur mesurée,40494388800036
2005-03-15,135.68,5.85,Valeur mesurée,40494388800036
2005-03-22,135.72,5.81,Valeur mesurée,40494388800036
2005-03-29,135.75,5.78,Valeur mesurée,40494388800036
2005-04-05,135.74,5.79,Valeur mesurée,40494388800036
2005-04-12,135.8,5.73,Valeur mesurée,40494388800036
2005-04-19,135.82,5.71,Valeur mesurée,40494388800036
2005-04-26,135.81,5.72,Valeur mesurée,40494388800036
2005-05-03,135.78,5.75,Valeur mesurée,40494388800036
2005-05-10,135.79,5.74,Valeur mesurée,40494388800036
2005-05-16,135.77,5.76,Valeur mesurée,40494388800036
2005-05-24,135.76,5.77,Valeur mesurée,40494388800036
2005-05-31,135.73,5.8,Valeur mesurée,40494388800036
2005-06-07,135.72,5.81,Valeur mesurée,40494388800036
2005-06-14,135.69,5.84,Valeur mesurée,40494388800036
2005-06-21,135.68,5.85,Valeur mesurée,40494388800036
2005-06-28,135.66,5.87,Valeur mesurée,40494388800036
2005-07-05,135.67,5.86,Valeur mesurée,40494388800036
2005-07-12,135.71,5.82,Valeur mesurée,40494388800036
2005-07-19,135.68,5.85,Valeur mesurée,40494388800036
2005-07-26,135.7,5.83,Valeur mesurée,40494388800036
2005-08-02,135.74,5.79,Valeur mesurée,40494388800036
2005-08-09,135.75,5.78,Valeur mesurée,40494388800036
2005-08-16,135.74,5.79,Valeur mesurée,40494388800036
2005-08-23,135.76,5.77,Valeur mesurée,40494388800036
2005-08-30,135.74,5.79,Valeur mesurée,40494388800036
2005-09-06,135.71,5.82,Valeur mesurée,40494388800036
2005-09-13,135.74,5.79,Valeur mesurée,40494388800036
2005-09-20,135.73,5.8,Valeur mesurée,40494388800036
2005-09-27,135.71,5.82,Valeur mesurée,40494388800036
2005-10-04,135.73,5.8,Valeur mesurée,40494388800036
2005-10-11,135.7,5.83,Valeur mesurée,40494388800036
2005-10-18,135.69,5.84,Valeur mesurée,40494388800036
2005-10-25,135.67,5.86,Valeur mesurée,40494388800036
2005-11-02,135.67,5.86,Valeur mesurée,40494388800036
2005-11-08,135.65,5.88,Valeur mesurée,40494388800036
2005-11-15,135.65,5.88,Valeur mesurée,40494388800036
2005-11-22,135.64,5.89,Valeur mesurée,40494388800036
2005-11-29,135.62,5.91,Valeur mesurée,40494388800036
2005-12-06,135.63,5.9,Valeur mesurée,40494388800036
2005-12-13,135.6,5.93,Valeur mesurée,40494388800036
2005-12-20,135.63,5.9,Valeur mesurée,40494388800036
2005-12-27,135.64,5.89,Valeur mesurée,40494388800036
2006-01-03,135.66,5.87,Valeur mesurée,40494388800036
2006-01-10,135.63,5.9,Valeur mesurée,40494388800036
2006-01-17,135.61,5.92,Valeur mesurée,40494388800036
2006-01-24,135.6,5.93,Valeur mesurée,40494388800036
2006-01-31,135.59,5.94,Valeur mesurée,40494388800036
2006-02-07,135.59,5.94,Valeur mesurée,40494388800036
2006-02-14,135.6,5.93,Valeur mesurée,40494388800036
2006-02-21,135.66,5.87,Valeur mesurée,40494388800036
2006-02-28,135.64,5.89,Valeur mesurée,40494388800036
2006-03-07,135.64,5.89,Valeur mesurée,40494388800036
2006-03-14,135.76,5.77,Valeur mesurée,40494388800036
2006-03-21,135.73,5.8,Valeur mesurée,40494388800036
2006-03-28,135.8,5.73,Valeur mesurée,40494388800036
2006-04-04,135.82,5.71,Valeur mesurée,40494388800036
2006-04-11,135.8,5.73,Valeur mesurée,40494388800036
2006-04-18,135.82,5.71,Valeur mesurée,40494388800036
2006-04-25,135.79,5.74,Valeur mesurée,40494388800036
2006-05-02,135.72,5.81,Valeur mesurée,40494388800036
2006-05-09,135.69,5.84,Valeur mesurée,40494388800036
2006-05-16,135.68,5.85,Valeur mesurée,40494388800036
2006-05-23,135.7,5.83,Valeur mesurée,40494388800036
2006-05-30,135.69,5.84,Valeur mesurée,40494388800036
2006-06-06,135.8,5.73,Valeur mesurée,40494388800036
2006-06-13,135.76,5.77,Valeur mesurée,40494388800036
2006-06-20,135.74,5.79,Valeur mesurée,40494388800036
2006-06-27,135.7,5.83,Valeur mesurée,40494388800036
2006-07-04,135.69,5.84,Valeur mesurée,40494388800036
2006-07-11,135.68,5.85,Valeur mesurée,40494388800036
2006-07-18,135.66,5.87,Valeur mesurée,40494388800036
2006-07-25,135.63,5.9,Valeur mesurée,40494388800036
2006-08-01,135.62,5.91,Valeur mesurée,40494388800036
2006-08-08,135.69,5.84,Valeur mesurée,40494388800036
2006-08-16,135.73,5.8,Valeur mesurée,40494388800036
2006-08-22,135.75,5.78,Valeur mesurée,40494388800036
2006-08-29,135.77,5.76,Valeur mesurée,40494388800036
2006-09-05,135.72,5.81,Valeur mesurée,40494388800036
2006-09-12,135.69,5.84,Valeur mesurée,40494388800036
2006-09-19,135.79,5.74,Valeur mesurée,40494388800036
2006-09-26,135.8,5.73,Valeur mesurée,40494388800036
2006-10-03,135.84,5.69,Valeur mesurée,40494388800036
2006-10-10,135.93,5.6,Valeur mesurée,40494388800036
2006-10-17,135.83,5.7,Valeur mesurée,40494388800036
2006-10-24,135.83,5.7,Valeur mesurée,40494388800036
2006-10-31,135.78,5.75,Valeur mesurée,40494388800036
2006-11-07,135.75,5.78,Valeur mesurée,40494388800036
2006-11-14,135.72,5.81,Valeur mesurée,40494388800036
2006-11-21,135.71,5.82,Valeur mesurée,40494388800036
2006-11-28,135.71,5.82,Valeur mesurée,40494388800036
2006-12-05,135.71,5.82,Valeur mesurée,40494388800036
2006-12-12,135.72,5.81,Valeur mesurée,40494388800036
2006-12-19,135.69,5.84,Valeur mesurée,40494388800036
2006-12-27,135.69,5.84,Valeur mesurée,40494388800036
2007-01-02,135.7,5.83,Valeur mesurée,40494388800036
2007-01-09,135.72,5.81,Valeur mesurée,40494388800036
2007-01-16,135.72,5.81,Valeur mesurée,40494388800036
2007-01-23,135.76,5.77,Valeur mesurée,40494388800036
2007-01-30,135.72,5.81,Valeur mesurée,40494388800036
2007-02-06,135.72,5.81,Valeur mesurée,40494388800036
2007-02-13,135.74,5.79,Valeur mesurée,40494388800036
2007-02-20,135.76,5.77,Valeur mesurée,40494388800036
2007-02-27,135.73,5.8,Valeur mesurée,40494388800036
2007-03-06,135.83,5.7,Valeur mesurée,40494388800036
2007-03-13,135.78,5.75,Valeur mesurée,40494388800036
2007-03-20,135.77,5.76,Valeur mesurée,40494388800036
2007-03-27,135.8,5.73,Valeur mesurée,40494388800036
2007-04-03,135.79,5.74,Valeur mesurée,40494388800036
2007-04-10,135.76,5.77,Valeur mesurée,40494388800036
2007-04-17,135.74,5.79,Valeur mesurée,40494388800036
2007-04-24,135.73,5.8,Valeur mesurée,40494388800036
2007-05-02,135.74,5.79,Valeur mesurée,40494388800036
2007-05-07,135.71,5.82,Valeur mesurée,40494388800036
2007-05-15,135.76,5.77,Valeur mesurée,40494388800036
2007-05-22,135.75,5.78,Valeur mesurée,40494388800036
2007-05-29,135.73,5.8,Valeur mesurée,40494388800036
2007-06-05,135.78,5.75,Valeur mesurée,40494388800036
2007-06-12,135.79,5.74,Valeur mesurée,40494388800036
2007-06-19,135.77,5.76,Valeur mesurée,40494388800036
2007-06-26,135.77,5.76,Valeur mesurée,40494388800036
2007-07-03,135.78,5.75,Valeur mesurée,40494388800036
2007-07-10,135.83,5.7,Valeur mesurée,40494388800036
2007-07-17,135.8,5.73,Valeur mesurée,40494388800036
2007-07-24,135.76,5.77,Valeur mesurée,40494388800036
2007-08-07,135.76,5.77,Valeur mesurée,40494388800036
2007-08-14,135.84,5.69,Valeur mesurée,40494388800036
2007-08-21,135.8,5.73,Valeur mesurée,40494388800036
2007-08-28,135.76,5.77,Valeur mesurée,40494388800036
2007-09-04,135.75,5.78,Valeur mesurée,40494388800036
2007-09-11,135.75,5.78,Valeur mesurée,40494388800036
2007-09-18,135.74,5.79,Valeur mesurée,40494388800036
2007-10-02,135.75,5.78,Valeur mesurée,40494388800036
2007-10-09,135.74,5.79,Valeur mesurée,40494388800036
2007-10-16,135.71,5.82,Valeur mesurée,40494388800036
2007-10-23,135.69,5.84,Valeur mesurée,40494388800036
2007-10-30,135.67,5.86,Valeur mesurée,40494388800036
2007-11-06,135.67,5.86,Valeur mesurée,40494388800036
2007-11-13,135.68,5.85,Valeur mesurée,40494388800036
2007-11-20,135.67,5.86,Valeur mesurée,40494388800036
2007-11-27,135.71,5.82,Valeur mesurée,40494388800036
2007-12-04,135.76,5.77,Valeur mesurée,40494388800036
2007-12-11,135.79,5.74,Valeur mesurée,40494388800036
2007-12-18,135.77,5.76,Valeur mesurée,40494388800036
2007-12-25,135.73,5.8,Valeur mesurée,40494388800036
2008-01-02,135.7,5.83,Valeur mesurée,40494388800036
2008-01-08,135.72,5.81,Valeur mesurée,40494388800036
2008-01-15,135.71,5.82,Valeur mesurée,40494388800036
2008-01-22,135.7,5.83,Valeur mesurée,40494388800036
2008-01-29,135.67,5.86,Valeur mesurée,40494388800036
2008-02-05,135.68,5.85,Valeur mesurée,40494388800036
2008-02-12,135.68,5.85,Valeur mesurée,40494388800036
2008-02-19,135.65,5.88,Valeur mesurée,40494388800036
2008-02-26,135.63,5.9,Valeur mesurée,40494388800036
2008-03-04,135.66,5.87,Valeur mesurée,40494388800036
2008-03-11,135.68,5.85,Valeur mesurée,40494388800036
2008-03-18,135.7,5.83,Valeur mesurée,40494388800036
2008-03-25,135.72,5.81,Valeur mesurée,40494388800036
2008-04-01,135.71,5.82,Valeur mesurée,40494388800036
2008-04-09,135.7,5.83,Valeur mesurée,40494388800036
2008-04-15,135.76,5.77,Valeur mesurée,40494388800036
2008-04-22,135.77,5.76,Valeur mesurée,40494388800036
2008-04-29,135.78,5.75,Valeur mesurée,40494388800036
2008-05-06,135.75,5.78,Valeur mesurée,40494388800036
2008-05-13,135.72,5.81,Valeur mesurée,40494388800036
2008-05-20,135.72,5.81,Valeur mesurée,40494388800036
2008-05-27,135.71,5.82,Valeur mesurée,40494388800036
2008-06-02,135.75,5.78,Valeur mesurée,40494388800036
2008-06-10,135.77,5.76,Valeur mesurée,40494388800036
2008-06-17,135.75,5.78,Valeur mesurée,40494388800036
2008-06-24,135.69,5.84,Valeur mesurée,40494388800036
2008-07-01,135.69,5.84,Valeur mesurée,40494388800036
2008-07-08,135.71,5.82,Valeur mesurée,40494388800036
2008-07-15,135.74,5.79,Valeur mesurée,40494388800036
2008-07-22,135.72,5.81,Valeur mesurée,40494388800036
2008-07-29,135.81,5.72,Valeur mesurée,40494388800036
2008-08-05,135.73,5.8,Valeur mesurée,40494388800036
2008-08-12,135.72,5.81,Valeur mesurée,40494388800036
2008-08-19,135.75,5.78,Valeur mesurée,40494388800036
2008-08-26,135.78,5.75,Valeur mesurée,40494388800036
2008-09-02,135.78,5.75,Valeur mesurée,40494388800036
2008-09-09,135.78,5.75,Valeur mesurée,40494388800036
2008-09-16,135.82,5.71,Valeur mesurée,40494388800036
2008-09-23,135.79,5.74,Valeur mesurée,40494388800036
2008-09-30,135.75,5.78,Valeur mesurée,40494388800036
2008-10-07,135.72,5.81,Valeur mesurée,40494388800036
2008-10-14,135.73,5.8,Valeur mesurée,40494388800036
2008-10-21,135.74,5.79,Valeur mesurée,40494388800036
2008-10-28,135.75,5.78,Valeur mesurée,40494388800036
2008-11-04,135.77,5.76,Valeur mesurée,40494388800036
2008-11-10,135.74,5.79,Valeur mesurée,40494388800036
2008-11-18,135.7,5.83,Valeur mesurée,40494388800036
2008-11-25,135.69,5.84,Valeur mesurée,40494388800036
2008-12-02,135.66,5.87,Valeur mesurée,40494388800036
2008-12-09,135.68,5.85,Valeur mesurée,40494388800036
2008-12-16,135.67,5.86,Valeur mesurée,40494388800036
2008-12-23,135.68,5.85,Valeur mesurée,40494388800036
2008-12-30,135.67,5.86,Valeur mesurée,40494388800036
2009-01-06,135.63,5.9,Valeur mesurée,40494388800036
2009-01-13,135.58,5.95,Valeur mesurée,40494388800036
2009-01-20,135.6,5.93,Valeur mesurée,40494388800036
2009-01-27,135.6,5.93,Valeur mesurée,40494388800036
2009-02-03,135.6,5.93,Valeur mesurée,40494388800036
2009-02-10,135.66,5.87,Valeur mesurée,40494388800036
2009-02-17,135.7,5.83,Valeur mesurée,40494388800036
2009-02-24,135.71,5.82,Valeur mesurée,40494388800036
2009-03-03,135.72,5.81,Valeur mesurée,40494388800036
2009-03-10,135.78,5.75,Valeur mesurée,40494388800036
2009-03-17,135.8,5.73,Valeur mesurée,40494388800036
2009-03-24,135.77,5.76,Valeur mesurée,40494388800036
2009-03-31,135.77,5.76,Valeur mesurée,40494388800036
2009-04-07,135.76,5.77,Valeur mesurée,40494388800036
2009-04-14,135.75,5.78,Valeur mesurée,40494388800036
2009-04-21,135.76,5.77,Valeur mesurée,40494388800036
2009-04-28,135.74,5.79,Valeur mesurée,40494388800036
2009-05-05,135.73,5.8,Valeur mesurée,40494388800036
2009-05-12,135.73,5.8,Valeur mesurée,40494388800036
2009-05-19,135.71,5.82,Valeur mesurée,40494388800036
2009-05-26,135.71,5.82,Valeur mesurée,40494388800036
2009-06-02,135.71,5.82,Valeur mesurée,40494388800036
2009-06-09,135.7,5.83,Valeur mesurée,40494388800036
2009-06-16,135.72,5.81,Valeur mesurée,40494388800036
2009-06-23,135.74,5.79,Valeur mesurée,40494388800036
2009-06-30,135.7,5.83,Valeur mesurée,40494388800036
2009-07-07,135.73,5.8,Valeur mesurée,40494388800036
2009-07-15,135.76,5.77,Valeur mesurée,40494388800036
2009-07-21,135.77,5.76,Valeur mesurée,40494388800036
2009-07-28,135.77,5.76,Valeur mesurée,40494388800036
2009-08-04,135.74,5.79,Valeur mesurée,40494388800036
2009-08-11,135.74,5.79,Valeur mesurée,40494388800036
2009-08-18,135.69,5.84,Valeur mesurée,40494388800036
2009-08-25,135.67,5.86,Valeur mesurée,40494388800036
2009-09-01,135.67,5.86,Valeur mesurée,40494388800036
2009-09-08,135.68,5.85,Valeur mesurée,40494388800036
2009-09-15,135.67,5.86,Valeur mesurée,40494388800036
2009-09-22,135.64,5.89,Valeur mesurée,40494388800036
2009-09-29,135.63,5.9,Valeur mesurée,40494388800036
2009-10-06,135.64,5.89,Valeur mesurée,40494388800036
2009-10-13,135.65,5.88,Valeur mesurée,40494388800036
2009-10-27,135.63,5.9,Valeur mesurée,40494388800036
2009-11-03,135.65,5.88,Valeur mesurée,40494388800036
2009-11-10,135.68,5.85,Valeur mesurée,40494388800036
2009-11-17,135.68,5.85,Valeur mesurée,40494388800036
2009-11-24,135.67,5.86,Valeur mesurée,40494388800036
2009-12-01,135.68,5.85,Valeur mesurée,40494388800036
2009-12-08,135.69,5.84,Valeur mesurée,40494388800036
2009-12-15,135.69,5.84,Valeur mesurée,40494388800036
2009-12-22,135.65,5.88,Valeur mesurée,40494388800036
2009-12-29,135.78,5.75,Valeur mesurée,40494388800036
2010-01-05,135.79,5.74,Valeur mesurée,40494388800036
2010-01-12,135.71,5.82,Valeur mesurée,40494388800036
2010-01-19,135.75,5.78,Valeur mesurée,40494388800036
2010-01-26,135.72,5.81,Valeur mesurée,40494388800036
2010-02-02,135.7,5.83,Valeur mesurée,40494388800036
2010-02-09,135.71,5.82,Valeur mesurée,40494388800036
2010-02-16,135.68,5.85,Valeur mesurée,40494388800036
2010-02-23,135.7,5.83,Valeur mesurée,40494388800036
2010-03-02,135.77,5.76,Valeur mesurée,40494388800036
2010-03-09,135.72,5.81,Valeur mesurée,40494388800036
2010-03-16,135.71,5.82,Valeur mesurée,40494388800036
2010-03-23,135.71,5.82,Valeur mesurée,40494388800036
2010-03-30,135.74,5.79,Valeur mesurée,40494388800036
2010-04-06,135.74,5.79,Valeur mesurée,40494388800036
2010-04-13,135.72,5.81,Valeur mesurée,40494388800036
2010-04-20,135.71,5.82,Valeur mesurée,40494388800036
2010-04-27,135.68,5.85,Valeur mesurée,40494388800036
2010-05-04,135.7,5.83,Valeur mesurée,40494388800036
2010-05-11,135.75,5.78,Valeur mesurée,40494388800036
2010-05-18,135.79,5.74,Valeur mesurée,40494388800036
2010-05-25,135.76,5.77,Valeur mesurée,40494388800036
2010-06-01,135.77,5.76,Valeur mesurée,40494388800036
2010-06-08,135.77,5.76,Valeur mesurée,40494388800036
2010-06-22,135.79,5.74,Valeur mesurée,40494388800036
2010-06-29,135.73,5.8,Valeur mesurée,40494388800036
2010-07-06,135.69,5.84,Valeur mesurée,40494388800036
2010-07-13,135.69,5.84,Valeur mesurée,40494388800036
2010-07-20,135.68,5.85,Valeur mesurée,40494388800036
2010-07-27,135.74,5.79,Valeur mesurée,40494388800036
2010-08-03,135.75,5.78,Valeur mesurée,40494388800036
2010-08-10,135.76,5.77,Valeur mesurée,40494388800036
2010-08-17,135.83,5.7,Valeur mesurée,40494388800036
2010-08-24,135.77,5.76,Valeur mesurée,40494388800036
2010-08-31,135.8,5.73,Valeur mesurée,40494388800036
2010-09-07,135.76,5.77,Valeur mesurée,40494388800036
2010-09-14,135.78,5.75,Valeur mesurée,40494388800036
2010-09-21,135.73,5.8,Valeur mesurée,40494388800036
2010-09-28,135.72,5.81,Valeur mesurée,40494388800036
2010-10-05,135.72,5.81,Valeur mesurée,40494388800036
2010-10-11,135.7,5.83,Valeur mesurée,40494388800036
2010-10-19,135.7,5.83,Valeur mesurée,40494388800036
2010-10-26,135.71,5.82,Valeur mesurée,40494388800036
2010-11-02,135.7,5.83,Valeur mesurée,40494388800036
2010-11-09,135.76,5.77,Valeur mesurée,40494388800036
2010-11-16,135.79,5.74,Valeur mesurée,40494388800036
2010-11-23,135.75,5.78,Valeur mesurée,40494388800036
2010-11-30,135.75,5.78,Valeur mesurée,40494388800036
2010-12-07,135.81,5.72,Valeur mesurée,40494388800036
2010-12-14,135.86,5.67,Valeur mesurée,40494388800036
2010-12-21,135.84,5.69,Valeur mesurée,40494388800036
2010-12-28,135.89,5.64,Valeur mesurée,40494388800036
2011-01-04,135.83,5.7,Valeur mesurée,40494388800036
2011-01-11,135.91,5.62,Valeur mesurée,40494388800036
2011-01-18,135.91,5.62,Valeur mesurée,40494388800036
2011-01-25,135.83,5.7,Valeur mesurée,40494388800036
2011-02-01,135.8,5.73,Valeur mesurée,40494388800036
2011-02-08,135.78,5.75,Valeur mesurée,40494388800036
2011-02-15,135.75,5.78,Valeur mesurée,40494388800036
2011-02-22,135.71,5.82,Valeur mesurée,40494388800036
2011-03-01,135.72,5.81,Valeur mesurée,40494388800036
2011-03-08,135.7,5.83,Valeur mesurée,40494388800036
2011-03-15,135.71,5.82,Valeur mesurée,40494388800036
2011-03-22,135.71,5.82,Valeur mesurée,40494388800036
2011-03-29,135.69,5.84,Valeur mesurée,40494388800036
2011-04-05,135.71,5.82,Valeur mesurée,40494388800036
2011-04-12,135.7,5.83,Valeur mesurée,40494388800036
2011-04-19,135.69,5.84,Valeur mesurée,40494388800036
2011-04-26,135.7,5.83,Valeur mesurée,40494388800036
2011-05-03,135.69,5.84,Valeur mesurée,40494388800036
2011-05-10,135.66,5.87,Valeur mesurée,40494388800036
2011-05-17,135.66,5.87,Valeur mesurée,40494388800036
2011-05-24,135.67,5.86,Valeur mesurée,40494388800036
2011-05-31,135.66,5.87,Valeur mesurée,40494388800036
2011-06-07,135.67,5.86,Valeur mesurée,40494388800036
2011-06-14,135.67,5.86,Valeur mesurée,40494388800036
2011-06-21,135.69,5.84,Valeur mesurée,40494388800036
2011-06-28,135.72,5.81,Valeur mesurée,40494388800036
2011-07-05,135.72,5.81,Valeur mesurée,40494388800036
2011-07-12,135.71,5.82,Valeur mesurée,40494388800036
2011-07-19,135.71,5.82,Valeur mesurée,40494388800036
2011-07-26,135.76,5.77,Valeur mesurée,40494388800036
2011-08-02,135.8,5.73,Valeur mesurée,40494388800036
2011-08-09,135.83,5.7,Valeur mesurée,40494388800036
2011-08-16,135.77,5.76,Valeur mesurée,40494388800036
2011-08-23,135.66,5.87,Valeur mesurée,40494388800036
2011-08-30,135.78,5.75,Valeur mesurée,40494388800036
2011-09-06,135.79,5.74,Valeur mesurée,40494388800036
2011-09-13,135.76,5.77,Valeur mesurée,40494388800036
2011-09-20,135.77,5.76,Valeur mesurée,40494388800036
2011-10-11,135.74,5.79,Valeur mesurée,40494388800036
2011-10-18,135.74,5.79,Valeur mesurée,40494388800036
2011-10-25,135.74,5.79,Valeur mesurée,40494388800036
2011-11-02,135.71,5.82,Valeur mesurée,40494388800036
2011-11-08,135.71,5.82,Valeur mesurée,40494388800036
2011-11-15,135.7,5.83,Valeur mesurée,40494388800036
2011-11-22,135.7,5.83,Valeur mesurée,40494388800036
2011-11-29,135.68,5.85,Valeur mesurée,40494388800036
2011-12-06,135.7,5.83,Valeur mesurée,40494388800036
2011-12-13,135.77,5.76,Valeur mesurée,40494388800036
2011-12-20,135.79,5.74,Valeur mesurée,40494388800036
2011-12-27,135.82,5.71,Valeur mesurée,40494388800036
2012-01-03,135.83,5.7,Valeur mesurée,40494388800036
2012-01-10,135.86,5.67,Valeur mesurée,40494388800036
2012-01-17,135.78,5.75,Valeur mesurée,40494388800036
2012-01-24,135.86,5.67,Valeur mesurée,40494388800036
2012-01-30,135.8,5.73,Valeur mesurée,40494388800036
2012-02-07,135.74,5.79,Valeur mesurée,40494388800036
2012-02-14,135.68,5.85,Valeur mesurée,40494388800036
2012-02-21,135.72,5.81,Valeur mesurée,40494388800036
2012-02-28,135.71,5.82,Valeur mesurée,40494388800036
2012-03-06,135.72,5.81,Valeur mesurée,40494388800036
2012-03-13,135.7,5.83,Valeur mesurée,40494388800036
2012-03-20,135.69,5.84,Valeur mesurée,40494388800036
2012-03-27,135.69,5.84,Valeur mesurée,40494388800036
2012-04-03,135.69,5.84,Valeur mesurée,40494388800036
2012-04-10,135.69,5.84,Valeur mesurée,40494388800036
2012-04-17,135.69,5.84,Valeur mesurée,40494388800036
2012-04-24,135.71,5.82,Valeur mesurée,40494388800036
2012-05-01,135.73,5.8,Valeur mesurée,40494388800036
2012-05-22,135.77,5.76,Valeur mesurée,40494388800036
2012-05-29,135.75,5.78,Valeur mesurée,40494388800036
2012-06-05,135.74,5.79,Valeur mesurée,40494388800036
2012-06-12,135.76,5.77,Valeur mesurée,40494388800036
2012-06-19,135.76,5.77,Valeur mesurée,40494388800036
2012-06-26,135.77,5.76,Valeur mesurée,40494388800036
2012-07-03,135.75,5.78,Valeur mesurée,40494388800036
2012-07-10,135.75,5.78,Valeur mesurée,40494388800036
2012-07-17,135.77,5.76,Valeur mesurée,40494388800036
2012-07-24,135.76,5.77,Valeur mesurée,40494388800036
2012-07-31,135.75,5.78,Valeur mesurée,40494388800036
2012-08-07,135.75,5.78,Valeur mesurée,40494388800036
2012-08-14,135.73,5.8,Valeur mesurée,40494388800036
2012-08-21,135.7,5.83,Valeur mesurée,40494388800036
2012-08-28,135.7,5.83,Valeur mesurée,40494388800036
2012-09-04,135.69,5.84,Valeur mesurée,40494388800036
2012-09-11,135.7,5.83,Valeur mesurée,40494388800036
2012-09-18,135.7,5.83,Valeur mesurée,40494388800036
2012-09-25,135.73,5.8,Valeur mesurée,40494388800036
2012-10-02,135.73,5.8,Valeur mesurée,40494388800036
2012-10-09,135.75,5.78,Valeur mesurée,40494388800036
2012-10-16,135.83,5.7,Valeur mesurée,40494388800036
2012-10-23,135.77,5.76,Valeur mesurée,40494388800036
2012-10-30,135.77,5.76,Valeur mesurée,40494388800036
2012-11-06,135.86,5.67,Valeur mesurée,40494388800036
2012-11-13,135.86,5.67,Valeur mesurée,40494388800036
2012-11-20,135.8,5.73,Valeur mesurée,40494388800036
2012-11-27,135.77,5.76,Valeur mesurée,40494388800036
2012-12-04,135.8,5.73,Valeur mesurée,40494388800036
2012-12-11,135.77,5.76,Valeur mesurée,40494388800036
2012-12-18,135.85,5.68,Valeur mesurée,40494388800036
2012-12-25,135.94,5.59,Valeur mesurée,40494388800036
2013-01-02,135.89,5.64,Valeur mesurée,40494388800036
2013-01-08,135.85,5.68,Valeur mesurée,40494388800036
2013-01-15,135.81,5.72,Valeur mesurée,40494388800036
2013-01-22,135.77,5.76,Valeur mesurée,40494388800036
2013-01-29,135.8,5.73,Valeur mesurée,40494388800036
2013-02-05,135.97,5.56,Valeur mesurée,40494388800036
2013-02-12,135.85,5.68,Valeur mesurée,40494388800036
2013-02-19,135.83,5.7,Valeur mesurée,40494388800036
2013-02-26,135.79,5.74,Valeur mesurée,40494388800036
2013-03-05,135.74,5.79,Valeur mesurée,40494388800036
2013-03-12,135.75,5.78,Valeur mesurée,40494388800036
2013-03-19,135.78,5.75,Valeur mesurée,40494388800036
2013-03-26,135.75,5.78,Valeur mesurée,40494388800036
2013-04-02,135.76,5.77,Valeur mesurée,40494388800036
2013-04-09,135.75,5.78,Valeur mesurée,40494388800036
2013-04-17,135.78,5.75,Valeur mesurée,40494388800036
2013-04-23,135.8,5.73,Valeur mesurée,40494388800036
2013-04-30,135.85,5.68,Valeur mesurée,40494388800036
2013-05-07,135.87,5.66,Valeur mesurée,40494388800036
2013-05-14,135.86,5.67,Valeur mesurée,40494388800036
2013-05-21,135.85,5.68,Valeur mesurée,40494388800036
2013-05-28,135.87,5.66,Valeur mesurée,40494388800036
2013-06-04,136.02,5.51,Valeur mesurée,40494388800036
2013-06-11,135.93,5.6,Valeur mesurée,40494388800036
2013-06-18,135.87,5.66,Valeur mesurée,40494388800036
2013-06-25,135.81,5.72,Valeur mesurée,40494388800036
2013-07-02,135.8,5.73,Valeur mesurée,40494388800036
2013-07-09,135.78,5.75,Valeur mesurée,40494388800036
2013-07-16,135.77,5.76,Valeur mesurée,40494388800036
2013-07-23,135.74,5.79,Valeur mesurée,40494388800036
2013-07-30,135.72,5.81,Valeur mesurée,40494388800036
2013-08-06,135.73,5.8,Valeur mesurée,40494388800036
2013-08-13,135.76,5.77,Valeur mesurée,40494388800036
2013-08-20,135.76,5.77,Valeur mesurée,40494388800036
2013-08-27,135.78,5.75,Valeur mesurée,40494388800036
2013-09-03,135.78,5.75,Valeur mesurée,40494388800036
2013-09-10,135.8,5.73,Valeur mesurée,40494388800036
2013-09-17,135.82,5.71,Valeur mesurée,40494388800036
2013-09-24,135.8,5.73,Valeur mesurée,40494388800036
2013-10-01,135.79,5.74,Valeur mesurée,40494388800036
2013-10-08,135.78,5.75,Valeur mesurée,40494388800036
2013-10-15,135.83,5.7,Valeur mesurée,40494388800036
2013-10-22,135.93,5.6,Valeur mesurée,40494388800036
2013-10-29,135.88,5.65,Valeur mesurée,40494388800036
2013-11-05,135.86,5.67,Valeur mesurée,40494388800036
2013-11-12,135.94,5.59,Valeur mesurée,40494388800036
2013-11-19,135.85,5.68,Valeur mesurée,40494388800036
2013-11-26,135.87,5.66,Valeur mesurée,40494388800036
2013-12-03,135.81,5.72,Valeur mesurée,40494388800036
2013-12-10,135.78,5.75,Valeur mesurée,40494388800036
2013-12-17,135.76,5.77,Valeur mesurée,40494388800036
2013-12-25,135.79,5.74,Valeur mesurée,40494388800036
2013-12-30,135.86,5.67,Valeur mesurée,40494388800036
2014-01-07,135.84,5.69,Valeur mesurée,40494388800036
2014-01-14,135.83,5.7,Valeur mesurée,40494388800036
2014-01-21,135.79,5.74,Valeur mesurée,40494388800036
2014-01-30,135.75,5.78,Valeur mesurée,40494388800036
2014-02-04,135.74,5.79,Valeur mesurée,40494388800036
2014-02-11,135.74,5.79,Valeur mesurée,40494388800036
2014-02-18,135.79,5.74,Valeur mesurée,40494388800036
2014-02-27,135.78,5.75,Valeur mesurée,40494388800036
2014-03-04,135.77,5.76,Valeur mesurée,40494388800036
2014-03-11,135.77,5.76,Valeur mesurée,40494388800036
2014-03-18,135.76,5.77,Valeur mesurée,40494388800036
2014-03-25,135.76,5.77,Valeur mesurée,40494388800036
2014-04-01,135.76,5.77,Valeur mesurée,40494388800036
2014-04-08,135.74,5.79,Valeur mesurée,40494388800036
2014-04-15,135.75,5.78,Valeur mesurée,40494388800036
2014-04-22,135.73,5.8,Valeur mesurée,40494388800036
2014-04-29,135.73,5.8,Valeur mesurée,40494388800036
2014-05-06,135.74,5.79,Valeur mesurée,40494388800036
2014-05-13,135.73,5.8,Valeur mesurée,40494388800036
2014-05-20,135.73,5.8,Valeur mesurée,40494388800036
2014-05-27,135.72,5.81,Valeur mesurée,40494388800036
2014-06-03,135.72,5.81,Valeur mesurée,40494388800036
2014-06-10,135.67,5.86,Valeur mesurée,40494388800036
2014-06-17,135.68,5.85,Valeur mesurée,40494388800036
2014-06-24,135.68,5.85,Valeur mesurée,40494388800036
2014-07-01,135.69,5.84,Valeur mesurée,40494388800036
2014-07-08,135.74,5.79,Valeur mesurée,40494388800036
2014-07-15,135.79,5.74,Valeur mesurée,40494388800036
2014-07-22,135.83,5.7,Valeur mesurée,40494388800036
2014-07-29,135.85,5.68,Valeur mesurée,40494388800036
2014-08-05,135.85,5.68,Valeur mesurée,40494388800036
2014-08-12,135.85,5.68,Valeur mesurée,40494388800036
2014-08-19,135.86,5.67,Valeur mesurée,40494388800036
2014-08-26,135.83,5.7,Valeur mesurée,40494388800036
2014-09-02,135.85,5.68,Valeur mesurée,40494388800036
2014-09-09,135.81,5.72,Valeur mesurée,40494388800036
2014-09-16,135.79,5.74,Valeur mesurée,40494388800036
2014-09-23,135.79,5.74,Valeur mesurée,40494388800036
2014-09-30,135.77,5.76,Valeur mesurée,40494388800036
2014-10-07,135.77,5.76,Valeur mesurée,40494388800036
2014-10-14,135.79,5.74,Valeur mesurée,40494388800036
2014-10-21,135.83,5.7,Valeur mesurée,40494388800036
2014-10-28,135.79,5.74,Valeur mesurée,40494388800036
2014-11-04,135.77,5.76,Valeur mesurée,40494388800036
2014-11-11,135.79,5.74,Valeur mesurée,40494388800036
2014-11-18,135.82,5.71,Valeur mesurée,40494388800036
2014-11-25,135.78,5.75,Valeur mesurée,40494388800036
2014-12-02,135.75,5.78,Valeur mesurée,40494388800036
2014-12-09,135.72,5.81,Valeur mesurée,40494388800036
2014-12-16,135.73,5.8,Valeur mesurée,40494388800036
2014-12-23,135.78,5.75,Valeur mesurée,40494388800036
2014-12-30,135.75,5.78,Valeur mesurée,40494388800036
2015-01-06,135.82,5.71,Valeur mesurée,40494388800036
2015-01-13,135.81,5.72,Valeur mesurée,40494388800036
2015-01-20,135.88,5.65,Valeur mesurée,40494388800036
2015-01-27,135.81,5.72,Valeur mesurée,40494388800036
2015-02-03,135.8,5.73,Valeur mesurée,40494388800036
2015-02-10,135.76,5.77,Valeur mesurée,40494388800036
2015-02-17,135.74,5.79,Valeur mesurée,40494388800036
2015-02-24,135.75,5.78,Valeur mesurée,40494388800036
2015-03-03,135.78,5.75,Valeur mesurée,40494388800036
2015-03-10,135.77,5.76,Valeur mesurée,40494388800036
2015-03-17,135.74,5.79,Valeur mesurée,40494388800036
2015-03-24,135.74,5.79,Valeur mesurée,40494388800036
2015-03-31,135.75,5.78,Valeur mesurée,40494388800036
2015-04-07,135.82,5.71,Valeur mesurée,40494388800036
2015-04-14,135.76,5.77,Valeur mesurée,40494388800036
2015-04-21,135.76,5.77,Valeur mesurée,40494388800036
2015-04-28,135.76,5.77,Valeur mesurée,40494388800036
2015-05-05,135.92,5.61,Valeur mesurée,40494388800036
2015-05-12,135.83,5.7,Valeur mesurée,40494388800036
2015-05-19,135.81,5.72,Valeur mesurée,40494388800036
2015-05-26,135.79,5.74,Valeur mesurée,40494388800036
2015-06-02,135.77,5.76,Valeur mesurée,40494388800036
2015-06-09,135.77,5.76,Valeur mesurée,40494388800036
2015-06-16,135.76,5.77,Valeur mesurée,40494388800036
2015-06-23,135.77,5.76,Valeur mesurée,40494388800036
2015-06-30,135.72,5.81,Valeur mesurée,40494388800036
2015-07-07,135.67,5.86,Valeur mesurée,40494388800036
2015-07-14,135.67,5.86,Valeur mesurée,40494388800036
2015-07-21,135.64,5.89,Valeur mesurée,40494388800036
2015-07-28,135.67,5.86,Valeur mesurée,40494388800036
2015-08-04,135.65,5.88,Valeur mesurée,40494388800036
2015-08-11,135.64,5.89,Valeur mesurée,40494388800036
2015-08-18,135.67,5.86,Valeur mesurée,40494388800036
2015-08-25,135.68,5.85,Valeur mesurée,40494388800036
2015-09-01,135.63,5.9,Valeur mesurée,40494388800036
2015-09-08,135.67,5.86,Valeur mesurée,40494388800036
2015-09-16,135.7,5.83,Valeur mesurée,40494388800036
2015-09-22,135.73,5.8,Valeur mesurée,40494388800036
2015-09-29,135.71,5.82,Valeur mesurée,40494388800036
2015-10-06,135.71,5.82,Valeur mesurée,40494388800036
2015-10-13,135.71,5.82,Valeur mesurée,40494388800036
2015-10-20,135.68,5.85,Valeur mesurée,40494388800036
2015-10-27,135.67,5.86,Valeur mesurée,40494388800036
2015-11-03,135.68,5.85,Valeur mesurée,40494388800036
2015-11-10,135.68,5.85,Valeur mesurée,40494388800036
2015-11-17,135.68,5.85,Valeur mesurée,40494388800036
2015-11-24,135.73,5.8,Valeur mesurée,40494388800036
2015-12-01,135.7,5.83,Valeur mesurée,40494388800036
2015-12-08,135.69,5.84,Valeur mesurée,40494388800036
2015-12-15,135.67,5.86,Valeur mesurée,40494388800036
2015-12-22,135.68,5.85,Valeur mesurée,40494388800036
2015-12-29,135.68,5.85,Valeur mesurée,40494388800036
2016-01-05,135.68,5.85,Valeur mesurée,40494388800036
2016-01-12,135.73,5.8,Valeur mesurée,40494388800036
2016-01-21,135.72,5.81,Valeur mesurée,40494388800036
2016-01-26,135.71,5.82,Valeur mesurée,40494388800036
2016-02-02,135.76,5.77,Valeur mesurée,40494388800036
2016-02-09,135.78,5.75,Valeur mesurée,40494388800036
2016-02-16,135.79,5.74,Valeur mesurée,40494388800036
2016-02-23,135.76,5.77,Valeur mesurée,40494388800036
2016-03-01,135.75,5.78,Valeur mesurée,40494388800036
2016-03-08,135.81,5.72,Valeur mesurée,40494388800036
2016-03-15,135.75,5.78,Valeur mesurée,40494388800036
2016-03-22,135.71,5.82,Valeur mesurée,40494388800036
2016-03-29,135.72,5.81,Valeur mesurée,40494388800036
2016-04-05,135.73,5.8,Valeur mesurée,40494388800036
2016-04-12,135.73,5.8,Valeur mesurée,40494388800036
2016-04-19,135.84,5.69,Valeur mesurée,40494388800036
2016-04-25,135.8,5.73,Valeur mesurée,40494388800036
2016-05-03,135.86,5.67,Valeur mesurée,40494388800036
2016-05-10,135.8,5.73,Valeur mesurée,40494388800036
2016-05-17,135.83,5.7,Valeur mesurée,40494388800036
2016-05-24,135.83,5.7,Valeur mesurée,40494388800036
2016-05-31,135.89,5.64,Valeur mesurée,40494388800036
2016-06-07,135.9,5.63,Valeur mesurée,40494388800036
2016-06-14,135.97,5.56,Valeur mesurée,40494388800036
2016-06-21,135.99,5.54,Valeur mesurée,40494388800036
2016-06-28,136.01,5.52,Valeur mesurée,40494388800036
2016-07-05,135.9,5.63,Valeur mesurée,40494388800036
2016-07-12,135.84,5.69,Valeur mesurée,40494388800036
2016-07-19,135.81,5.72,Valeur mesurée,40494388800036
2016-07-26,135.81,5.72,Valeur mesurée,40494388800036
2016-08-02,135.78,5.75,Valeur mesurée,40494388800036
2016-08-09,135.78,5.75,Valeur mesurée,40494388800036
2016-08-16,135.75,5.78,Valeur mesurée,40494388800036
2016-08-23,135.72,5.81,Valeur mesurée,40494388800036
2016-08-30,135.69,5.84,Valeur mesurée,40494388800036
2016-09-06,135.68,5.85,Valeur mesurée,40494388800036
2016-09-13,135.65,5.88,Valeur mesurée,40494388800036
2016-09-20,135.71,5.82,Valeur mesurée,40494388800036
2016-09-27,135.68,5.85,Valeur mesurée,40494388800036
2016-10-04,135.69,5.84,Valeur mesurée,40494388800036
2016-10-11,135.69,5.84,Valeur mesurée,40494388800036
2016-10-18,135.69,5.84,Valeur mesurée,40494388800036
2016-10-25,135.68,5.85,Valeur mesurée,40494388800036
2016-11-01,135.69,5.84,Valeur mesurée,40494388800036
2016-11-08,135.65,5.88,Valeur mesurée,40494388800036
2016-11-15,135.67,5.86,Valeur mesurée,40494388800036
2016-11-22,135.69,5.84,Valeur mesurée,40494388800036
2016-11-29,135.67,5.86,Valeur mesurée,40494388800036
2016-12-06,135.63,5.9,Valeur mesurée,40494388800036
2016-12-13,135.61,5.92,Valeur mesurée,40494388800036
2016-12-19,135.6,5.93,Valeur mesurée,40494388800036
2016-12-27,135.59,5.94,Valeur mesurée,40494388800036
2017-01-04,135.55,5.98,Valeur mesurée,40494388800036
2017-01-10,135.55,5.98,Valeur mesurée,40494388800036
2017-01-17,135.56,5.97,Valeur mesurée,40494388800036
2017-01-24,135.54,5.99,Valeur mesurée,40494388800036
2017-01-31,135.54,5.99,Valeur mesurée,40494388800036
2017-02-07,135.65,5.88,Valeur mesurée,40494388800036
2017-02-14,135.63,5.9,Valeur mesurée,40494388800036
2017-02-21,135.64,5.89,Valeur mesurée,40494388800036
2017-02-28,135.65,5.88,Valeur mesurée,40494388800036
2017-03-07,135.68,5.85,Valeur mesurée,40494388800036
2017-03-14,135.74,5.79,Valeur mesurée,40494388800036
2017-03-21,135.73,5.8,Valeur mesurée,40494388800036
2017-03-28,135.72,5.81,Valeur mesurée,40494388800036
2017-04-04,135.7,5.83,Valeur mesurée,40494388800036
2017-04-11,135.69,5.84,Valeur mesurée,40494388800036
2017-04-18,135.68,5.85,Valeur mesurée,40494388800036
2017-04-25,135.67,5.86,Valeur mesurée,40494388800036
2017-05-02,135.67,5.86,Valeur mesurée,40494388800036
2017-05-09,135.69,5.84,Valeur mesurée,40494388800036
2017-05-16,135.7,5.83,Valeur mesurée,40494388800036
2017-05-23,135.67,5.86,Valeur mesurée,40494388800036
2017-05-30,135.62,5.91,Valeur mesurée,40494388800036
2017-06-06,135.66,5.87,Valeur mesurée,40494388800036
2017-06-13,135.61,5.92,Valeur mesurée,40494388800036
2017-06-20,135.59,5.94,Valeur mesurée,40494388800036
2017-06-27,135.6,5.93,Valeur mesurée,40494388800036
2017-07-04,135.63,5.9,Valeur mesurée,40494388800036
2017-07-11,135.61,5.92,Valeur mesurée,40494388800036
2017-07-18,135.64,5.89,Valeur mesurée,40494388800036
2017-07-25,135.66,5.87,Valeur mesurée,40494388800036
2017-08-01,135.67,5.86,Valeur mesurée,40494388800036
2017-08-07,135.66,5.87,Valeur mesurée,40494388800036
2017-08-16,135.68,5.85,Valeur mesurée,40494388800036
2017-08-22,135.68,5.85,Valeur mesurée,40494388800036
2017-08-29,135.64,5.89,Valeur mesurée,40494388800036
2017-09-05,135.66,5.87,Valeur mesurée,40494388800036
2017-09-12,135.67,5.86,Valeur mesurée,40494388800036
2017-09-19,135.69,5.84,Valeur mesurée,40494388800036
2017-09-26,135.68,5.85,Valeur mesurée,40494388800036
2017-10-03,135.71,5.82,Valeur mesurée,40494388800036
2017-10-10,135.69,5.84,Valeur mesurée,40494388800036
2017-10-17,135.67,5.86,Valeur mesurée,40494388800036
2017-10-24,135.67,5.86,Valeur mesurée,40494388800036
2017-10-31,135.67,5.86,Valeur mesurée,40494388800036
2017-11-07,135.69,5.84,Valeur mesurée,40494388800036
2017-11-14,135.76,5.77,Valeur mesurée,40494388800036
2017-11-21,135.75,5.78,Valeur mesurée,40494388800036
2017-11-28,135.76,5.77,Valeur mesurée,40494388800036
2017-12-05,135.74,5.79,Valeur mesurée,40494388800036
2017-12-12,135.77,5.76,Valeur mesurée,40494388800036
2017-12-19,135.76,5.77,Valeur mesurée,40494388800036
2017-12-27,135.75,5.78,Valeur mesurée,40494388800036
2018-01-02,135.76,5.77,Valeur mesurée,40494388800036
2018-01-09,135.88,5.65,Valeur mesurée,40494388800036
2018-01-16,135.79,5.74,Valeur mesurée,40494388800036
2018-01-23,136.01,5.52,Valeur mesurée,40494388800036
2018-01-30,135.91,5.62,Valeur mesurée,40494388800036
2018-02-06,135.85,5.68,Valeur mesurée,40494388800036
2018-02-13,135.79,5.74,Valeur mesurée,40494388800036
2018-02-20,135.78,5.75,Valeur mesurée,40494388800036
2018-02-27,135.76,5.77,Valeur mesurée,40494388800036
2018-03-06,135.73,5.8,Valeur mesurée,40494388800036
2018-03-13,135.73,5.8,Valeur mesurée,40494388800036
2018-03-20,135.72,5.81,Valeur mesurée,40494388800036
2018-03-27,135.71,5.82,Valeur mesurée,40494388800036
2018-04-03,135.72,5.81,Valeur mesurée,40494388800036
2018-04-10,135.72,5.81,Valeur mesurée,40494388800036
2018-04-17,135.7,5.83,Valeur mesurée,40494388800036
2018-04-24,135.68,5.85,Valeur mesurée,40494388800036
2018-05-01,135.68,5.85,Valeur mesurée,40494388800036
2018-05-08,135.66,5.87,Valeur mesurée,40494388800036
2018-05-15,135.73,5.8,Valeur mesurée,40494388800036
2018-05-22,135.71,5.82,Valeur mesurée,40494388800036
2018-05-29,135.69,5.84,Valeur mesurée,40494388800036
2018-06-05,135.73,5.8,Valeur mesurée,40494388800036
2018-06-12,135.73,5.8,Valeur mesurée,40494388800036
2018-06-19,135.75,5.78,Valeur mesurée,40494388800036
2018-06-26,135.7,5.83,Valeur mesurée,40494388800036
2018-07-03,135.66,5.87,Valeur mesurée,40494388800036
2018-07-10,135.69,5.84,Valeur mesurée,40494388800036
2018-07-17,135.67,5.86,Valeur mesurée,40494388800036
2018-07-24,135.66,5.87,Valeur mesurée,40494388800036
2018-07-31,135.63,5.9,Valeur mesurée,40494388800036
2018-08-06,135.61,5.92,Valeur mesurée,40494388800036
2018-08-14,135.65,5.88,Valeur mesurée,40494388800036
2018-08-21,135.71,5.82,Valeur mesurée,40494388800036
2018-08-28,135.69,5.84,Valeur mesurée,40494388800036
2018-09-04,135.7,5.83,Valeur mesurée,40494388800036
2018-09-11,135.68,5.85,Valeur mesurée,40494388800036
2018-09-18,135.68,5.85,Valeur mesurée,40494388800036
2018-09-25,135.71,5.82,Valeur mesurée,40494388800036
2018-10-02,135.69,5.84,Valeur mesurée,40494388800036
2018-10-09,135.67,5.86,Valeur mesurée,40494388800036
2018-10-16,135.66,5.87,Valeur mesurée,40494388800036
2018-10-23,135.66,5.87,Valeur mesurée,40494388800036
2018-10-30,135.64,5.89,Valeur mesurée,40494388800036
2018-11-06,135.64,5.89,Valeur mesurée,40494388800036
2018-11-13,135.63,5.9,Valeur mesurée,40494388800036
2018-11-20,135.61,5.92,Valeur mesurée,40494388800036
2018-11-27,135.61,5.92,Valeur mesurée,40494388800036
2018-12-04,135.63,5.9,Valeur mesurée,40494388800036
2018-12-11,135.65,5.88,Valeur mesurée,40494388800036
2018-12-18,135.65,5.88,Valeur mesurée,40494388800036
2018-12-25,135.74,5.79,Valeur mesurée,40494388800036
2019-01-01,135.72,5.81,Valeur mesurée,40494388800036
2019-01-08,135.71,5.82,Valeur mesurée,40494388800036
2019-01-15,135.75,5.78,Valeur mesurée,40494388800036
2019-01-22,135.72,5.81,Valeur mesurée,40494388800036
2019-01-29,135.69,5.84,Valeur mesurée,40494388800036
2019-02-05,135.7,5.83,Valeur mesurée,40494388800036
2019-02-12,135.7,5.83,Valeur mesurée,40494388800036
2019-02-19,135.69,5.84,Valeur mesurée,40494388800036
2019-02-26,135.67,5.86,Valeur mesurée,40494388800036
2019-03-05,135.67,5.86,Valeur mesurée,40494388800036
2019-03-12,135.69,5.84,Valeur mesurée,40494388800036
2019-03-20,135.75,5.78,Valeur mesurée,40494388800036
2019-03-26,135.72,5.81,Valeur mesurée,40494388800036
2019-04-02,135.7,5.83,Valeur mesurée,40494388800036
2019-04-09,135.73,5.8,Valeur mesurée,40494388800036
2019-04-16,135.71,5.82,Valeur mesurée,40494388800036
2019-04-23,135.69,5.84,Valeur mesurée,40494388800036
2019-04-30,135.72,5.81,Valeur mesurée,40494388800036
2019-05-07,135.74,5.79,Valeur mesurée,40494388800036
2019-05-14,135.74,5.79,Valeur mesurée,40494388800036
2019-05-21,135.79,5.74,Valeur mesurée,40494388800036
2019-05-28,135.76,5.77,Valeur mesurée,40494388800036
2019-06-04,135.76,5.77,Valeur mesurée,40494388800036
2019-06-11,135.75,5.78,Valeur mesurée,40494388800036
2019-06-18,135.78,5.75,Valeur mesurée,40494388800036
2019-06-25,135.74,5.79,Valeur mesurée,40494388800036
2019-07-02,135.7,5.83,Valeur mesurée,40494388800036
2019-07-09,135.7,5.83,Valeur mesurée,40494388800036
2019-07-16,135.71,5.82,Valeur mesurée,40494388800036
2019-07-23,135.68,5.85,Valeur mesurée,40494388800036
2019-07-30,135.68,5.85,Valeur mesurée,40494388800036
2019-08-06,135.66,5.87,Valeur mesurée,40494388800036
2019-08-13,135.73,5.8,Valeur mesurée,40494388800036
2019-08-20,135.7,5.83,Valeur mesurée,40494388800036
2019-08-27,135.71,5.82,Valeur mesurée,40494388800036
2019-09-03,135.69,5.84,Valeur mesurée,40494388800036
2019-09-12,135.68,5.85,Valeur mesurée,40494388800036
2019-09-17,135.66,5.87,Valeur mesurée,40494388800036
2019-09-24,135.66,5.87,Valeur mesurée,40494388800036
2019-10-01,135.64,5.89,Valeur mesurée,40494388800036
2019-10-08,135.66,5.87,Valeur mesurée,40494388800036
2019-10-15,135.68,5.85,Valeur mesurée,40494388800036
2019-10-22,135.72,5.81,Valeur mesurée,40494388800036
2019-10-29,135.71,5.82,Valeur mesurée,40494388800036
2019-11-05,135.73,5.8,Valeur mesurée,40494388800036
2019-11-12,135.73,5.8,Valeur mesurée,40494388800036
2019-11-19,135.71,5.82,Valeur mesurée,40494388800036
2019-11-26,135.68,5.85,Valeur mesurée,40494388800036
2019-12-03,135.7,5.83,Valeur mesurée,40494388800036
2019-12-10,135.69,5.84,Valeur mesurée,40494388800036
2019-12-17,135.74,5.79,Valeur mesurée,40494388800036
2019-12-24,135.76,5.77,Valeur mesurée,40494388800036
2019-12-31,135.75,5.78,Valeur mesurée,40494388800036
2020-01-07,135.72,5.81,Valeur mesurée,40494388800036
2020-01-14,135.71,5.82,Valeur mesurée,40494388800036
2020-02-04,135.82,5.71,Valeur mesurée,40494388800036
2020-02-11,135.78,5.75,Valeur mesurée,40494388800036
2020-02-18,135.76,5.77,Valeur mesurée,40494388800036
2020-02-25,135.77,5.76,Valeur mesurée,40494388800036
2020-03-03,135.81,5.72,Valeur mesurée,40494388800036
2020-03-10,135.88,5.65,Valeur mesurée,40494388800036
2020-03-17,135.83,5.7,Valeur mesurée,40494388800036
2020-03-24,135.79,5.74,Valeur mesurée,40494388800036
2020-03-31,135.74,5.79,Valeur mesurée,40494388800036
2020-04-07,135.73,5.8,Valeur mesurée,40494388800036
2020-04-14,135.71,5.82,Valeur mesurée,40494388800036
2020-04-21,135.7,5.83,Valeur mesurée,40494388800036
2020-04-28,135.7,5.83,Valeur mesurée,40494388800036
2020-05-05,135.74,5.79,Valeur mesurée,40494388800036
2020-05-12,135.76,5.77,Valeur mesurée,40494388800036
2020-05-19,135.71,5.82,Valeur mesurée,40494388800036
2020-05-26,135.7,5.83,Valeur mesurée,40494388800036
2020-06-02,135.7,5.83,Valeur mesurée,40494388800036
2020-06-09,135.75,5.78,Valeur mesurée,40494388800036
2020-06-16,135.73,5.8,Valeur mesurée,40494388800036
2020-06-23,135.75,5.78,Valeur mesurée,40494388800036
2020-06-30,135.75,5.78,Valeur mesurée,40494388800036
2020-07-07,135.72,5.81,Valeur mesurée,40494388800036
2020-07-15,135.7,5.83,Valeur mesurée,40494388800036
2020-07-21,135.71,5.82,Valeur mesurée,40494388800036
2020-07-28,135.68,5.85,Valeur mesurée,40494388800036
2020-08-04,135.66,5.87,Valeur mesurée,40494388800036
2020-08-11,135.63,5.9,Valeur mesurée,40494388800036
2020-08-18,135.66,5.87,Valeur mesurée,40494388800036
2020-08-25,135.67,5.86,Valeur mesurée,40494388800036
2020-09-01,135.73,5.8,Valeur mesurée,40494388800036
2020-09-29,135.7,5.83,Valeur mesurée,40494388800036
2020-10-06,135.7,5.83,Valeur mesurée,40494388800036
2020-10-13,135.7,5.83,Valeur mesurée,40494388800036
2020-10-20,135.7,5.83,Valeur mesurée,40494388800036
2020-10-27,135.73,5.8,Valeur mesurée,40494388800036
2020-11-03,135.69,5.84,Valeur mesurée,40494388800036
2020-11-10,135.67,5.86,Valeur mesurée,40494388800036
2020-11-17,135.64,5.89,Valeur mesurée,40494388800036
2020-11-24,135.58,5.95,Valeur mesurée,40494388800036
2020-12-01,135.55,5.98,Valeur mesurée,40494388800036
2020-12-08,135.56,5.97,Valeur mesurée,40494388800036
2020-12-15,135.56,5.97,Valeur mesurée,40494388800036
2020-12-22,135.61,5.92,Valeur mesurée,40494388800036
2020-12-30,135.69,5.84,Valeur mesurée,40494388800036
2021-01-05,135.67,5.86,Valeur mesurée,40494388800036
2021-01-12,135.64,5.89,Valeur mesurée,40494388800036
2021-01-19,135.71,5.82,Valeur mesurée,40494388800036
2021-01-26,135.77,5.76,Valeur mesurée,40494388800036
2021-02-02,135.89,5.64,Valeur mesurée,40494388800036
2021-02-09,135.9,5.63,Valeur mesurée,40494388800036
2021-02-16,135.79,5.74,Valeur mesurée,40494388800036
2021-02-23,135.75,5.78,Valeur mesurée,40494388800036
2021-03-02,135.73,5.8,Valeur mesurée,40494388800036
2021-03-09,135.71,5.82,Valeur mesurée,40494388800036
2021-03-16,135.72,5.81,Valeur mesurée,40494388800036
2021-03-23,135.71,5.82,Valeur mesurée,40494388800036
2021-03-30,135.73,5.8,Valeur mesurée,40494388800036
2021-04-06,135.71,5.82,Valeur mesurée,40494388800036
2021-04-13,135.73,5.8,Valeur mesurée,40494388800036
2021-04-20,135.69,5.84,Valeur mesurée,40494388800036
2021-04-27,135.7,5.83,Valeur mesurée,40494388800036
2021-05-04,135.71,5.82,Valeur mesurée,40494388800036
2021-05-11,135.77,5.76,Valeur mesurée,40494388800036
2021-05-18,135.8,5.73,Valeur mesurée,40494388800036
2021-05-25,135.81,5.72,Valeur mesurée,40494388800036
2021-06-01,135.78,5.75,Valeur mesurée,40494388800036
2021-06-08,135.81,5.72,Valeur mesurée,40494388800036
2021-06-15,135.75,5.78,Valeur mesurée,40494388800036
2021-06-22,135.74,5.79,Valeur mesurée,40494388800036
2021-06-29,135.78,5.75,Valeur mesurée,40494388800036
2021-07-06,135.83,5.7,Valeur mesurée,40494388800036
2021-07-13,135.83,5.7,Valeur mesurée,40494388800036
2021-07-20,135.92,5.61,Valeur mesurée,40494388800036
2021-07-27,135.84,5.69,Valeur mesurée,40494388800036
2021-08-03,135.85,5.68,Valeur mesurée,40494388800036
2021-08-10,135.81,5.72,Valeur mesurée,40494388800036
2021-08-17,135.79,5.74,Valeur mesurée,40494388800036
2021-08-24,135.8,5.73,Valeur mesurée,40494388800036
2021-08-31,135.78,5.75,Valeur mesurée,40494388800036
2021-09-07,135.76,5.77,Valeur mesurée,40494388800036
2021-09-14,135.76,5.77,Valeur mesurée,40494388800036
2021-09-21,135.75,5.78,Valeur mesurée,40494388800036
2021-09-28,135.72,5.81,Valeur mesurée,40494388800036
2021-10-05,135.73,5.8,Valeur mesurée,40494388800036
2021-10-12,135.71,5.82,Valeur mesurée,40494388800036
2021-10-19,135.66,5.87,Valeur mesurée,40494388800036
2021-10-26,135.67,5.86,Valeur mesurée,40494388800036
2021-11-02,135.72,5.81,Valeur mesurée,40494388800036
2021-11-09,135.72,5.81,Valeur mesurée,40494388800036
2021-11-16,135.72,5.81,Valeur mesurée,40494388800036
2021-11-23,135.71,5.82,Valeur mesurée,40494388800036
2021-11-30,135.69,5.84,Valeur mesurée,40494388800036
2021-12-07,135.73,5.8,Valeur mesurée,40494388800036
2021-12-14,135.74,5.79,Valeur mesurée,40494388800036
2021-12-21,135.73,5.8,Valeur mesurée,40494388800036
2021-12-28,135.75,5.78,Valeur mesurée,40494388800036
2022-01-04,135.81,5.72,Valeur mesurée,40494388800036
2022-01-11,135.82,5.71,Valeur mesurée,40494388800036
2022-01-18,135.74,5.79,Valeur mesurée,40494388800036
2022-01-25,135.72,5.81,Valeur mesurée,40494388800036
2022-02-01,135.71,5.82,Valeur mesurée,40494388800036
2022-02-08,135.76,5.77,Valeur mesurée,40494388800036
2022-02-15,135.74,5.79,Valeur mesurée,40494388800036
2022-02-22,135.76,5.77,Valeur mesurée,40494388800036
